Date,North (mm),East (mm)
2005-09-15,0.00,0.00
2005-09-16,0.60,-0.68
2005-09-17,-0.49,-1.15
2005-09-18,-0.49,-0.55
2005-09-19,-0.03,-0.58
2005-09-20,-0.87,1.11
2005-09-21,-0.33,-0.41
2005-09-22,0.04,-1.05
2005-09-23,-0.05,-0.53
2005-09-24,0.72,-0.48
2005-09-25,0.05,-0.73
2005-09-26,-0.76,-0.41
2005-09-27,0.19,0.22
2005-09-28,-1.46,-1.62
2005-09-29,-0.48,-0.58
2005-09-30,-0.84,-0.84
2005-10-01,-0.01,-2.06
2005-10-02,-0.28,-1.77
2005-10-03,-0.52,-1.80
2005-10-04,0.46,-0.80
2005-10-05,-0.81,-1.14
2005-10-06,-0.58,-1.24
2005-10-07,-0.96,-0.96
2005-10-08,-1.44,-2.43
2005-10-09,0.35,1.19
2005-10-10,-1.28,-1.53
2005-10-11,-1.55,-1.27
2005-10-12,-0.02,-1.38
2005-10-13,0.13,-1.57
2005-10-14,0.16,-1.03
2005-10-15,3.31,-1.92
2005-10-16,-0.64,-2.45
2005-10-17,-0.26,-0.38
2005-10-18,-0.78,-0.94
2005-10-19,-0.61,-1.07
2005-10-20,0.05,-1.70
2005-10-21,-0.21,-1.70
2005-10-22,0.65,-1.93
2005-10-23,0.00,-1.27
2005-10-24,-0.21,-1.44
2005-10-25,0.25,-2.26
2005-10-26,0.50,-2.01
2005-10-27,-0.99,-1.96
2005-10-28,-1.19,-1.61
2005-10-29,0.23,-0.63
2005-10-30,0.58,-0.55
2005-10-31,0.41,-1.00
2005-11-01,-0.14,-1.05
2005-11-02,1.05,-1.27
2005-11-03,0.78,0.13
2005-11-04,-0.05,-1.27
2005-11-05,0.01,-0.58
2005-11-06,-0.68,-0.89
2005-11-07,1.33,-1.64
2005-11-08,3.63,-1.27
2005-11-09,0.66,-0.65
2005-11-10,-0.80,-1.87
2005-11-11,1.32,-0.01
2005-11-12,-1.24,-0.46
2005-11-13,-0.38,-0.97
2005-11-14,0.19,-1.30
2005-11-15,1.25,-1.24
2005-11-16,1.01,-1.01
2005-11-17,0.30,-1.39
2005-11-18,-0.45,-1.13
2005-11-19,-0.20,-1.72
2005-11-20,-0.39,-2.16
2005-11-21,-0.08,-1.31
2005-11-22,0.22,-1.22
2005-11-23,-0.31,-1.13
2005-11-24,-0.73,-1.20
2005-11-25,-1.17,-2.61
2005-11-26,-1.21,-0.57
2005-11-27,-0.47,-1.66
2005-11-28,0.56,-0.97
2005-11-29,-0.78,-1.32
2005-11-30,-1.23,-1.03
2005-12-01,-1.40,-0.71
2005-12-02,-1.51,-1.28
2005-12-03,-1.68,-1.06
2005-12-04,-0.11,-0.76
2005-12-05,-0.66,-0.74
2005-12-06,-1.31,-1.23
2005-12-07,-1.22,-1.14
2005-12-08,-1.17,-1.31
2005-12-09,-0.49,-1.21
2005-12-10,-0.62,-1.05
2005-12-11,-1.05,-1.63
2005-12-12,-1.96,-1.70
2005-12-13,-1.32,-1.51
2005-12-14,-0.55,-1.90
2005-12-15,1.05,-1.58
2005-12-16,-0.97,-1.69
2005-12-17,-0.97,-2.53
2005-12-18,-1.29,-1.97
2005-12-19,-1.06,-1.34
2005-12-20,0.46,-1.13
2005-12-21,-0.62,-1.48
2005-12-22,-0.48,-0.66
2005-12-23,-0.42,-1.36
2005-12-24,-1.65,-1.81
2005-12-25,-1.54,-1.89
2005-12-26,-0.82,-1.89
2005-12-27,-0.48,-1.71
2005-12-28,-0.94,-1.81
2005-12-29,-0.87,-2.48
2005-12-30,-1.06,-1.93
2005-12-31,-0.16,-1.77
2006-01-01,-0.30,-2.14
2006-01-02,0.09,-1.44
2006-01-03,-0.38,-2.90
2006-01-04,0.10,-2.67
2006-01-05,-1.12,-1.23
2006-01-06,0.05,-1.70
2006-01-07,0.90,-1.42
2006-01-08,-0.50,-1.91
2006-01-09,0.15,-1.67
2006-01-10,-0.42,-2.44
2006-01-11,0.28,-2.05
2006-01-12,-0.45,-2.54
2006-01-13,0.24,-1.94
2006-01-14,0.37,-3.95
2006-01-15,-0.54,-3.12
2006-01-16,-1.11,-1.87
2006-01-17,-0.67,-2.06
2006-01-18,0.70,-0.81
2006-01-19,-0.77,-1.80
2006-01-20,-1.53,-2.41
2006-01-21,-0.99,-2.25
2006-01-22,-1.52,-3.18
2006-01-23,0.79,-1.98
2006-01-24,0.22,-0.82
2006-01-25,-0.53,-2.47
2006-01-26,-0.82,-2.25
2006-01-27,-0.42,-2.27
2006-01-28,0.22,-2.47
2006-01-29,-0.57,-1.90
2006-01-30,-0.75,-1.72
2006-01-31,-0.46,-2.36
2006-02-01,-0.44,-2.33
2006-02-02,-0.32,-3.06
2006-02-03,-0.84,-2.23
2006-02-04,0.30,-3.04
2006-02-05,-0.05,-1.86
2006-02-06,-0.91,-2.33
2006-02-07,-0.90,-2.63
2006-02-08,0.24,-2.11
2006-02-09,0.40,-2.35
2006-02-10,-0.10,-1.86
2006-02-11,0.02,-2.10
2006-02-12,-0.01,-2.13
2006-02-13,-0.70,-2.33
2006-02-14,-1.05,-2.54
2006-02-15,0.47,-2.33
2006-02-16,-0.32,-1.89
2006-02-17,-0.57,-2.29
2006-02-18,0.14,-2.92
2006-02-19,-0.33,-2.21
2006-02-20,0.03,-2.75
2006-02-21,0.89,-2.00
2006-02-22,0.41,-1.64
2006-02-23,-0.08,-2.15
2006-02-24,-0.58,-1.96
2006-02-25,-0.60,-1.46
2006-02-26,-0.47,-2.14
2006-02-27,1.77,-2.47
2006-02-28,0.20,-0.62
2006-03-01,-0.37,-1.90
2006-03-02,-0.86,-1.63
2006-03-03,-0.06,-2.02
2006-03-04,0.47,-2.17
2006-03-05,0.40,-2.47
2006-03-06,4.66,-1.24
2006-03-07,0.20,-2.72
2006-03-08,-0.97,-2.47
2006-03-09,0.14,-2.77
2006-03-10,-0.41,-3.04
2006-03-11,-0.12,-2.39
2006-03-12,0.28,-2.78
2006-03-13,0.18,-1.68
2006-03-14,-0.10,-1.78
2006-03-15,0.43,-1.30
2006-03-16,0.48,-2.29
2006-03-17,0.99,-2.29
2006-03-18,-0.42,-2.63
2006-03-19,-0.55,-2.60
2006-03-20,0.53,-3.20
2006-03-21,0.16,-3.19
2006-03-22,-0.34,-2.65
2006-03-23,-0.38,-2.16
2006-03-24,-0.11,-2.20
2006-03-25,1.48,-2.09
2006-03-26,0.19,-2.15
2006-03-27,0.75,-3.15
2006-03-28,1.55,-2.88
2006-03-29,-0.78,-2.81
2006-03-30,0.32,-3.28
2006-03-31,1.08,-3.41
2006-04-01,0.41,-3.42
2006-04-02,-0.10,-3.79
2006-04-03,1.58,-3.46
2006-04-04,0.90,-4.05
2006-04-05,0.68,-4.06
2006-04-06,0.33,-3.76
2006-04-07,0.69,-3.97
2006-04-08,1.74,-2.75
2006-04-09,0.81,-2.98
2006-04-10,-0.48,-3.75
2006-04-11,0.46,-4.31
2006-04-12,1.12,-3.94
2006-04-13,1.95,-3.56
2006-04-14,-0.81,-3.71
2006-04-15,0.76,-3.51
2006-04-16,-1.07,-4.78
2006-04-17,0.69,-4.09
2006-04-18,0.82,-4.05
2006-04-19,0.29,-3.34
2006-04-20,0.86,-3.50
2006-04-21,0.49,-3.88
2006-04-22,-1.06,-4.12
2006-04-23,0.75,-3.12
2006-04-24,0.71,-3.45
2006-04-25,0.19,-3.24
2006-04-26,-0.33,-3.77
2006-04-27,0.07,-4.06
2006-04-28,1.74,-2.87
2006-04-29,-0.29,-4.26
2006-04-30,0.57,-4.54
2006-05-01,2.30,-3.52
2006-05-02,0.85,-3.73
2006-05-03,0.40,-3.82
2006-05-04,-1.00,-4.15
2006-05-05,0.79,-3.11
2006-05-06,1.22,-3.80
2006-05-07,0.65,-4.62
2006-05-08,0.09,-4.24
2006-05-09,0.42,-4.13
2006-05-10,0.61,-4.07
2006-05-11,-0.24,-4.38
2006-05-12,0.52,-3.97
2006-05-13,-0.22,-4.56
2006-05-14,-0.01,-4.39
2006-05-15,0.66,-3.48
2006-05-16,0.58,-3.92
2006-05-17,0.50,-4.25
2006-05-18,0.70,-3.93
2006-05-19,0.31,-4.01
2006-05-20,-0.92,-4.89
2006-05-21,-1.01,-3.70
2006-05-22,-0.44,-2.56
2006-05-23,0.69,-4.59
2006-05-24,-0.67,-4.79
2006-05-25,0.11,-4.13
2006-05-26,0.03,-3.25
2006-05-27,-1.63,-4.75
2006-05-28,-0.81,-3.99
2006-05-29,0.24,-4.23
2006-05-30,-0.12,-4.95
2006-05-31,-0.12,-3.62
2006-06-01,0.16,-4.36
2006-06-02,-0.21,-4.47
2006-06-03,-0.77,-2.93
2006-06-04,-0.23,-3.70
2006-06-05,0.06,-4.56
2006-06-06,-0.01,-4.40
2006-06-07,-0.75,-4.18
2006-06-08,0.11,-3.85
2006-06-09,-0.23,-4.53
2006-06-10,0.03,-4.60
2006-06-11,-0.37,-4.64
2006-06-12,0.35,-4.22
2006-06-13,1.90,-4.72
2006-06-14,-0.13,-2.93
2006-06-15,0.70,-4.28
2006-06-16,0.75,-4.72
2006-06-17,0.24,-3.93
2006-06-18,-0.95,-3.98
2006-06-19,-0.55,-4.77
2006-06-20,0.30,-4.08
2006-06-21,-0.16,-3.75
2006-06-22,0.23,-4.80
2006-06-23,0.67,-3.97
2006-06-24,0.14,-4.24
2006-06-25,-0.01,-3.97
2006-06-26,0.01,-3.37
2006-06-27,0.22,-3.64
2006-06-28,0.98,-5.15
2006-06-29,0.32,-4.94
2006-06-30,-0.29,-4.86
2006-07-01,-0.46,-3.11
2006-07-02,0.21,-4.99
2006-07-03,2.35,-4.29
2006-07-04,0.88,-3.72
2006-07-05,-0.49,-4.45
2006-07-07,-0.60,-5.80
2006-07-08,-0.39,-2.69
2006-07-09,-0.41,-3.72
2006-07-10,-0.62,-4.13
2006-07-11,-1.01,-5.58
2006-07-12,-0.79,-3.81
2006-07-13,-0.12,-3.63
2006-07-14,0.79,-3.98
2006-07-15,-0.55,-4.32
2006-07-16,-0.05,-4.33
2006-07-17,0.02,-4.09
2006-07-18,0.43,-3.57
2006-07-19,1.63,-2.91
2006-07-20,0.62,-4.43
2006-07-21,0.04,-3.81
2006-07-22,-0.97,-3.79
2006-07-23,0.48,-4.53
2006-07-24,-0.31,-5.32
2006-07-25,0.16,-4.43
2006-07-26,3.22,-5.50
2006-07-27,0.71,-5.07
2006-07-28,-0.76,-4.21
2006-07-29,-0.13,-5.01
2006-07-30,0.30,-2.39
2006-07-31,-0.40,-2.88
2006-08-01,-0.32,-4.20
2006-08-02,0.34,-4.69
2006-08-03,-0.12,-6.01
2006-08-04,0.61,-3.87
2006-08-05,0.36,-4.61
2006-08-06,1.14,-3.20
2006-08-07,1.09,-3.13
2006-08-08,-1.03,-5.66
2006-08-09,0.36,-2.54
2006-08-10,-0.28,-4.28
2006-08-11,-0.67,-4.32
2006-08-12,0.51,-4.23
2006-08-13,-0.22,-4.04
2006-08-14,0.36,-5.70
2006-08-15,-0.85,-4.43
2006-08-16,0.17,-4.41
2006-08-17,1.08,-3.76
2006-08-18,0.01,-3.73
2006-08-19,1.31,-4.16
2006-08-20,0.24,-4.18
2006-08-21,0.90,-3.67
2006-08-22,0.31,-5.48
2006-08-23,-0.09,-4.66
2006-08-24,0.99,-4.16
2006-08-25,0.63,-4.33
2006-08-26,0.09,-5.14
2006-08-27,0.70,-4.83
2006-08-28,1.20,-3.87
2006-08-29,0.98,-3.85
2006-08-30,1.05,-3.64
2006-08-31,-0.11,-4.06
2006-09-01,0.09,-4.25
2006-09-02,1.95,-4.17
2006-09-03,1.80,-3.47
2006-09-04,0.07,-3.20
2006-09-05,0.39,-5.52
2006-09-06,1.87,-2.49
2006-09-07,1.33,-3.97
2006-09-08,0.81,-4.46
2006-09-09,1.00,-4.77
2006-09-10,1.34,-4.05
2006-09-11,1.05,-4.04
2006-09-12,1.79,-4.00
2006-09-13,0.65,-2.46
2006-09-14,-1.90,-4.66
2006-09-15,1.85,-4.14
2006-09-16,1.35,-5.87
2006-09-17,1.46,-4.49
2006-09-18,1.38,-4.10
2006-09-19,0.99,-4.64
2006-09-20,0.92,-4.98
2006-09-21,1.95,-5.15
2006-09-22,2.71,-5.43
2006-09-23,2.06,-4.83
2006-09-24,1.36,-3.42
2006-09-25,0.95,-3.58
2006-09-26,1.85,-4.82
2006-09-27,1.81,-4.52
2006-09-28,1.16,-5.42
2006-09-29,1.48,-4.59
2006-09-30,0.90,-3.68
2006-10-01,0.18,-5.50
2006-10-02,3.02,-4.64
2006-10-03,1.57,-4.99
2006-10-04,3.96,-5.37
2006-10-05,1.19,-4.28
2006-10-06,1.33,-3.76
2006-10-07,0.89,-4.82
2006-10-08,1.03,-5.03
2006-10-09,0.82,-4.32
2006-10-10,1.78,-5.55
2006-10-11,0.80,-4.74
2006-10-12,0.23,-4.54
2006-10-13,0.84,-5.22
2006-10-14,2.36,-4.41
2006-10-15,0.89,-4.55
2006-10-16,0.41,-4.43
2006-10-17,0.13,-5.97
2006-10-18,3.13,-3.60
2006-10-19,0.96,-3.38
2006-10-20,0.47,-5.70
2006-10-21,0.46,-4.16
2006-10-22,0.30,-5.21
2006-10-23,0.65,-6.12
2006-10-24,1.10,-5.09
2006-10-25,0.99,-4.52
2006-10-26,2.20,-3.69
2006-10-27,1.08,-4.40
2006-10-28,0.18,-4.97
2006-10-29,1.23,-4.86
2006-10-30,0.23,-4.58
2006-10-31,0.61,-4.70
2006-11-01,0.97,-4.36
2006-11-02,1.20,-5.76
2006-11-03,0.45,-4.88
2006-11-04,0.80,-4.24
2006-11-05,0.76,-4.12
2006-11-06,0.47,-3.95
2006-11-07,0.56,-3.68
2006-11-08,0.02,-4.75
2006-11-09,0.93,-4.76
2006-11-10,1.08,-4.73
2006-11-11,-0.14,-5.50
2006-11-12,-0.78,-4.68
2006-11-13,0.58,-3.84
2006-11-14,0.76,-4.80
2006-11-15,1.44,-4.35
2006-11-16,1.64,-5.09
2006-11-17,0.09,-4.87
2006-11-18,0.24,-4.21
2006-11-19,1.28,-4.62
2006-11-20,1.22,-3.95
2006-11-21,0.72,-4.47
2006-11-22,0.48,-4.68
2006-11-23,-0.54,-5.60
2006-11-24,1.28,-5.29
2006-11-25,1.14,-4.84
2006-11-26,0.51,-4.45
2006-11-27,0.10,-4.87
2006-11-28,0.83,-5.48
2006-11-29,-1.20,-5.18
2006-11-30,1.06,-4.41
2006-12-01,0.83,-3.95
2006-12-02,-0.36,-4.06
2006-12-03,0.57,-4.25
2006-12-04,0.60,-4.59
2006-12-05,0.62,-4.39
2006-12-06,1.54,-4.66
2006-12-07,0.61,-4.71
2006-12-08,1.10,-4.78
2006-12-09,1.45,-5.11
2006-12-10,1.87,-5.76
2006-12-11,2.26,-5.13
2006-12-12,1.73,-4.32
2006-12-13,0.53,-4.58
2006-12-14,0.79,-5.62
2006-12-15,0.99,-4.93
2006-12-16,1.76,-4.47
2006-12-17,1.25,-4.74
2006-12-18,1.07,-5.05
2006-12-19,1.08,-4.08
2006-12-20,0.54,-4.39
2006-12-21,1.79,-5.14
2006-12-22,2.12,-5.93
2006-12-23,1.55,-4.96
2006-12-24,0.58,-4.10
2006-12-25,0.30,-4.64
2006-12-26,0.70,-4.43
2006-12-27,1.13,-5.33
2006-12-28,-4.07,-4.13
2006-12-29,4.04,-5.06
2006-12-30,1.71,-4.28
2006-12-31,1.54,-4.94
2007-01-01,-0.27,-4.43
2007-01-02,1.59,-4.35
2007-01-03,2.20,-4.79
2007-01-04,1.99,-4.46
2007-01-05,2.84,-4.32
2007-01-06,1.44,-4.71
2007-01-07,2.24,-5.18
2007-01-08,2.00,-5.30
2007-01-09,1.87,-5.10
2007-01-10,1.29,-4.70
2007-01-11,1.16,-4.14
2007-01-12,1.37,-4.55
2007-01-13,0.98,-4.54
2007-01-14,1.91,-4.35
2007-01-15,2.27,-4.54
2007-01-16,1.36,-4.57
2007-01-17,0.96,-4.65
2007-01-18,2.60,-4.15
2007-01-19,1.52,-4.22
2007-01-20,1.66,-5.02
2007-01-21,-1.08,-6.01
2007-01-22,0.79,-4.05
2007-01-23,1.30,-4.56
2007-01-24,0.42,-4.04
2007-01-25,2.21,-4.10
2007-01-26,0.97,-4.90
2007-01-27,0.55,-4.07
2007-01-28,0.77,-4.32
2007-01-29,0.93,-3.88
2007-01-30,1.02,-4.04
2007-01-31,2.73,-4.53
2007-02-01,0.97,-4.34
2007-02-02,0.49,-3.51
2007-02-03,1.13,-4.43
2007-02-04,0.55,-4.03
2007-02-05,1.23,-4.03
2007-02-06,1.36,-4.40
2007-02-07,1.82,-4.51
2007-02-08,0.81,-4.37
2007-02-09,1.11,-3.99
2007-02-10,0.90,-4.15
2007-02-11,2.23,-3.88
2007-02-12,1.46,-4.05
2007-02-13,0.92,-4.18
2007-02-14,1.29,-3.61
2007-02-15,3.96,-4.16
2007-02-16,0.50,-3.05
2007-02-17,-0.11,-3.44
2007-02-18,1.68,-4.20
2007-02-19,0.83,-4.75
2007-02-20,0.75,-4.52
2007-02-21,1.70,-3.98
2007-02-22,4.58,-3.73
2007-02-23,1.38,-3.49
2007-02-24,0.83,-4.33
2007-02-25,0.87,-5.02
2007-02-26,1.87,-4.85
2007-02-27,0.22,-3.99
2007-02-28,0.59,-4.42
2007-03-01,0.71,-4.24
2007-03-02,2.87,-5.25
2007-03-03,2.21,-4.58
2007-03-04,1.21,-4.37
2007-03-05,0.89,-4.67
2007-03-06,1.09,-4.83
2007-03-07,0.79,-5.66
2007-03-08,1.41,-5.03
2007-03-09,1.44,-5.89
2007-03-10,1.77,-5.19
2007-03-11,1.03,-5.45
2007-03-12,1.84,-5.23
2007-03-13,2.60,-6.01
2007-03-14,1.73,-5.33
2007-03-15,1.67,-4.67
2007-03-16,1.57,-5.41
2007-03-17,1.00,-6.02
2007-03-18,2.27,-5.36
2007-03-19,1.61,-5.88
2007-03-20,0.56,-7.18
2007-03-21,-1.06,-6.16
2007-03-22,1.05,-6.25
2007-03-23,1.31,-6.36
2007-03-24,1.94,-6.17
2007-03-25,1.42,-6.83
2007-03-26,1.55,-5.78
2007-03-27,1.02,-5.32
2007-03-28,0.07,-5.79
2007-03-29,2.03,-5.54
2007-03-30,1.31,-5.17
2007-03-31,1.30,-5.78
2007-04-01,2.06,-5.20
2007-04-02,1.37,-6.51
2007-04-03,1.96,-5.89
2007-04-04,0.95,-5.77
2007-04-05,1.49,-5.58
2007-04-06,1.32,-4.55
2007-04-07,1.98,-6.29
2007-04-08,1.61,-5.97
2007-04-09,2.21,-4.96
2007-04-10,1.55,-5.78
2007-04-11,1.69,-5.27
2007-04-12,0.91,-6.48
2007-04-13,0.42,-5.97
2007-04-14,3.01,-5.19
2007-04-15,0.68,-5.38
2007-04-16,-1.07,-6.43
2007-04-17,0.62,-5.53
2007-04-18,2.17,-5.98
2007-04-19,1.04,-5.76
2007-04-20,2.72,-7.41
2007-04-21,1.55,-6.03
2007-04-22,1.40,-6.49
2007-04-23,2.32,-5.55
2007-04-24,1.92,-6.80
2007-04-25,1.62,-6.11
2007-04-26,1.18,-5.00
2007-04-27,1.67,-6.38
2007-04-28,2.61,-5.91
2007-04-29,2.24,-6.58
2007-04-30,2.12,-7.31
2007-05-01,5.45,-7.30
2007-05-02,0.65,-4.84
2007-05-03,2.40,-5.64
2007-05-04,2.50,-6.24
2007-05-05,1.16,-6.76
2007-05-06,4.26,-6.81
2007-05-07,0.80,-6.29
2007-05-09,2.31,-5.88
2007-05-10,1.97,-6.48
2007-05-11,2.43,-5.80
2007-05-12,1.47,-6.12
2007-05-13,1.33,-5.63
2007-05-14,3.00,-6.28
2007-05-15,3.03,-5.89
2007-05-16,2.48,-6.42
2007-05-17,2.03,-6.11
2007-05-18,1.44,-6.20
2007-05-19,1.24,-5.96
2007-05-20,2.33,-6.85
2007-05-21,1.93,-6.38
2007-05-22,2.33,-7.45
2007-05-23,0.70,-5.93
2007-05-24,2.16,-6.23
2007-05-25,1.61,-6.43
2007-05-26,1.73,-6.39
2007-05-27,2.27,-6.49
2007-05-28,1.28,-5.55
2007-05-29,1.27,-6.06
2007-05-30,1.27,-6.18
2007-05-31,0.96,-6.76
2007-06-01,1.90,-7.36
2007-06-02,1.17,-6.08
2007-06-03,2.56,-6.06
2007-06-04,1.59,-5.66
2007-06-05,1.55,-6.94
2007-06-06,0.99,-5.24
2007-06-07,1.43,-8.00
2007-06-08,1.97,-6.02
2007-06-09,1.60,-6.13
2007-06-10,1.93,-7.11
2007-06-11,1.54,-5.81
2007-06-12,2.40,-6.39
2007-06-13,1.93,-7.01
2007-06-14,1.82,-6.27
2007-06-15,2.35,-5.64
2007-06-16,1.43,-6.23
2007-06-17,1.50,-5.89
2007-06-18,2.07,-5.21
2007-06-19,1.71,-5.84
2007-06-20,1.77,-5.97
2007-06-21,1.30,-6.36
2007-06-22,1.26,-6.11
2007-06-23,2.09,-5.76
2007-06-24,2.24,-6.36
2007-06-25,1.68,-6.03
2007-06-26,2.29,-6.37
2007-06-27,1.82,-5.75
2007-06-28,1.30,-5.89
2007-06-29,2.76,-5.97
2007-06-30,1.51,-6.13
2007-07-01,2.15,-6.45
2007-07-02,1.15,-6.16
2007-07-03,1.75,-6.46
2007-07-04,1.80,-6.18
2007-07-05,2.37,-4.79
2007-07-06,3.02,-5.27
2007-07-07,2.18,-5.80
2007-07-08,0.07,-6.71
2007-07-09,1.52,-5.95
2007-07-10,2.00,-6.55
2007-07-11,3.08,-6.44
2007-07-12,0.64,-7.28
2007-07-13,1.94,-5.40
2007-07-14,0.04,-5.53
2007-07-15,1.49,-5.65
2007-07-16,2.49,-5.56
2007-07-17,1.99,-5.01
2007-07-18,2.75,-5.00
2007-07-19,0.51,-5.35
2007-07-20,2.65,-5.09
2007-07-21,2.60,-5.50
2007-07-22,1.83,-6.07
2007-07-23,2.43,-5.70
2007-07-24,1.94,-4.82
2007-07-25,1.52,-7.45
2007-07-26,2.95,-6.72
2007-07-27,3.00,-5.68
2007-07-28,1.78,-5.68
2007-07-29,2.38,-6.61
2007-07-30,1.92,-5.73
2007-07-31,0.88,-5.83
2007-08-01,3.16,-5.84
2007-08-02,3.10,-7.56
2007-08-03,2.39,-5.41
2007-08-04,1.79,-5.92
2007-08-05,1.87,-6.24
2007-08-06,2.61,-6.26
2007-08-07,1.81,-5.70
2007-08-08,2.21,-5.71
2007-08-09,2.57,-5.49
2007-08-10,2.53,-6.26
2007-08-11,3.24,-6.40
2007-08-12,3.05,-6.74
2007-08-13,3.35,-6.84
2007-08-14,2.52,-6.97
2007-08-15,2.73,-7.25
2007-08-16,3.16,-6.93
2007-08-17,5.02,-7.29
2007-08-18,1.62,-6.05
2007-08-19,3.40,-7.56
2007-08-20,2.66,-6.65
2007-08-21,2.39,-6.28
2007-08-22,2.91,-6.39
2007-08-23,3.35,-7.32
2007-08-24,3.00,-6.33
2007-08-25,3.12,-6.17
2007-08-26,3.10,-6.35
2007-08-27,1.28,-5.78
2007-08-28,2.58,-5.72
2007-08-29,2.23,-7.55
2007-08-30,2.74,-8.37
2007-08-31,1.25,-6.18
2007-09-01,1.71,-7.02
2007-09-02,1.83,-6.52
2007-09-03,3.97,-6.65
2007-09-04,2.54,-6.88
2007-09-05,1.89,-7.73
2007-09-06,3.01,-6.86
2007-09-07,3.18,-7.75
2007-09-08,3.20,-7.27
2007-09-09,3.82,-7.90
2007-09-10,3.18,-7.30
2007-09-11,4.59,-8.45
2007-09-12,4.48,-8.47
2007-09-13,3.96,-7.61
2007-09-14,1.91,-7.74
2007-09-15,2.32,-8.24
2007-09-16,3.52,-7.69
2007-09-17,3.15,-7.55
2007-09-18,3.51,-7.87
2007-09-19,3.73,-7.01
2007-09-20,4.73,-9.88
2007-09-21,2.25,-6.93
2007-09-22,2.78,-6.47
2007-09-23,3.92,-7.06
2007-09-24,2.49,-8.30
2007-09-25,1.70,-7.89
2007-09-26,2.12,-7.81
2007-09-27,1.72,-8.15
2007-09-28,2.89,-9.46
2007-09-29,2.45,-6.87
2007-09-30,2.54,-8.31
2007-10-01,3.02,-7.36
2007-10-02,2.68,-7.56
2007-10-03,2.97,-7.07
2007-10-04,2.24,-8.04
2007-10-05,4.18,-6.57
2007-10-06,1.76,-7.47
2007-10-07,1.83,-7.35
2007-10-08,2.14,-7.37
2007-10-09,1.69,-7.20
2007-10-10,2.80,-6.63
2007-10-11,2.67,-7.64
2007-10-12,2.54,-8.02
2007-10-13,2.60,-7.62
2007-10-14,2.27,-7.67
2007-10-15,0.98,-8.07
2007-10-16,1.66,-8.56
2007-10-17,3.24,-7.49
2007-10-18,2.64,-7.03
2007-10-19,1.86,-6.97
2007-10-20,1.91,-7.23
2007-10-21,1.50,-8.66
2007-10-22,2.33,-7.45
2007-10-23,2.48,-6.58
2007-10-24,1.67,-6.11
2007-10-25,1.26,-6.51
2007-10-26,1.31,-6.94
2007-10-27,1.58,-7.58
2007-10-28,1.88,-6.75
2007-10-29,2.28,-6.60
2007-10-30,1.51,-7.27
2007-10-31,2.09,-6.96
2007-11-01,2.37,-7.46
2007-11-02,2.99,-7.35
2007-11-03,1.60,-7.04
2007-11-04,1.55,-6.85
2007-11-05,1.44,-6.99
2007-11-06,3.11,-7.35
2007-11-07,2.44,-7.52
2007-11-08,1.28,-7.56
2007-11-09,2.55,-7.20
2007-11-10,2.25,-7.66
2007-11-11,3.17,-8.45
2007-11-12,3.35,-8.22
2007-11-13,2.77,-7.86
2007-11-14,2.27,-7.15
2007-11-15,2.55,-7.44
2007-11-16,2.46,-7.84
2007-11-17,2.17,-8.61
2007-11-18,2.79,-7.77
2007-11-19,3.01,-8.52
2007-11-20,3.09,-7.98
2007-11-21,2.19,-7.89
2007-11-22,2.93,-7.71
2007-11-23,4.16,-8.18
2007-11-24,2.54,-7.87
2007-11-25,3.66,-7.58
2007-11-26,2.67,-6.43
2007-11-27,2.89,-6.89
2007-11-28,2.58,-7.76
2007-11-29,3.20,-8.35
2007-11-30,3.35,-8.37
2007-12-01,2.68,-7.09
2007-12-02,3.21,-7.62
2007-12-03,2.36,-6.83
2007-12-04,3.61,-8.08
2007-12-05,4.11,-7.72
2007-12-06,3.43,-8.27
2007-12-07,4.53,-7.65
2007-12-08,1.24,-9.31
2007-12-09,3.52,-8.18
2007-12-10,3.48,-7.05
2007-12-11,3.25,-7.59
2007-12-12,4.71,-7.87
2007-12-13,2.99,-7.08
2007-12-14,3.23,-7.77
2007-12-15,3.06,-6.55
2007-12-16,1.97,-7.17
2007-12-17,2.61,-8.04
2007-12-18,3.59,-6.37
2007-12-19,3.06,-6.91
2007-12-20,4.06,-6.84
2007-12-21,3.53,-8.53
2007-12-22,3.03,-8.11
2007-12-23,3.74,-8.69
2007-12-24,3.26,-6.35
2007-12-25,3.08,-6.90
2007-12-26,1.78,-7.08
2007-12-27,1.75,-7.80
2007-12-28,2.33,-7.68
2007-12-29,2.26,-7.31
2007-12-30,3.03,-7.60
2007-12-31,2.13,-6.38
2008-01-01,2.88,-6.84
2008-01-02,3.03,-6.82
2008-01-03,2.41,-7.52
2008-01-04,4.33,-6.40
2008-01-05,5.33,-5.77
2008-01-06,3.15,-7.42
2008-01-07,2.86,-7.98
2008-01-08,2.33,-7.34
2008-01-09,2.07,-7.66
2008-01-10,2.31,-7.88
2008-01-11,3.06,-7.72
2008-01-12,2.78,-6.82
2008-01-13,1.94,-7.48
2008-01-14,3.18,-7.31
2008-01-15,2.61,-7.52
2008-01-16,2.31,-7.10
2008-01-17,3.06,-7.05
2008-01-18,4.15,-7.31
2008-01-19,3.11,-7.21
2008-01-20,1.54,-7.14
2008-01-21,1.90,-8.10
2008-01-22,2.20,-7.67
2008-01-23,2.70,-7.09
2008-01-24,3.99,-7.78
2008-01-25,4.99,-7.68
2008-01-26,2.49,-7.71
2008-01-27,3.57,-6.86
2008-01-28,3.13,-8.54
2008-01-29,2.60,-7.10
2008-01-30,2.41,-7.60
2008-01-31,2.39,-8.16
2008-02-01,1.90,-7.38
2008-02-02,2.46,-6.91
2008-02-03,2.94,-7.00
2008-02-04,2.31,-8.12
2008-02-05,1.52,-7.70
2008-02-06,2.61,-7.16
2008-02-07,2.76,-7.42
2008-02-08,3.59,-7.58
2008-02-09,2.59,-7.31
2008-02-10,1.84,-7.26
2008-02-11,2.85,-7.01
2008-02-12,1.84,-7.04
2008-02-13,3.29,-7.69
2008-02-14,1.00,-7.20
2008-02-15,0.89,-8.93
2008-02-16,2.89,-8.22
2008-02-17,1.09,-7.79
2008-02-18,2.39,-7.81
2008-02-19,2.15,-7.51
2008-02-20,1.65,-7.45
2008-02-21,2.60,-7.73
2008-02-22,2.27,-7.64
2008-02-23,1.47,-7.63
2008-02-24,4.95,-7.48
2008-02-25,2.75,-8.20
2008-02-26,2.91,-7.73
2008-02-27,2.77,-8.13
2008-02-28,3.09,-8.62
2008-02-29,3.06,-8.56
2008-03-01,2.86,-9.00
2008-03-02,0.92,-8.70
2008-03-03,3.25,-8.23
2008-03-04,2.61,-8.69
2008-03-05,3.45,-7.76
2008-03-06,3.58,-8.37
2008-03-07,2.78,-8.34
2008-03-08,1.76,-8.62
2008-03-09,4.15,-8.25
2008-03-10,3.38,-8.45
2008-03-11,3.68,-8.40
2008-03-12,3.85,-8.62
2008-03-13,2.67,-8.53
2008-03-14,2.53,-8.05
2008-03-15,3.25,-8.79
2008-03-16,3.13,-9.34
2008-03-17,0.86,-8.55
2008-03-18,1.89,-7.54
2008-03-19,2.72,-7.88
2008-03-20,2.69,-8.58
2008-03-21,3.89,-9.53
2008-03-22,3.93,-8.68
2008-03-23,3.60,-8.42
2008-03-24,3.60,-8.93
2008-03-25,3.54,-8.64
2008-03-26,2.79,-9.27
2008-03-27,3.98,-10.05
2008-03-28,4.11,-8.96
2008-03-29,3.31,-8.81
2008-03-30,2.62,-9.32
2008-03-31,4.33,-9.04
2008-04-01,2.93,-9.09
2008-04-02,3.37,-9.26
2008-04-03,3.10,-8.94
2008-04-04,2.49,-8.94
2008-04-05,2.90,-9.60
2008-04-06,3.73,-9.85
2008-04-07,3.81,-9.23
2008-04-08,3.01,-9.35
2008-04-09,2.89,-8.68
2008-04-10,2.25,-8.64
2008-04-11,3.13,-9.02
2008-04-12,3.44,-8.56
2008-04-13,4.23,-8.26
2008-04-14,3.40,-9.67
2008-04-15,5.00,-8.64
2008-04-16,2.89,-9.60
2008-04-17,3.98,-9.25
2008-04-18,3.85,-9.03
2008-04-19,3.63,-8.61
2008-04-20,3.42,-9.17
2008-04-21,3.16,-9.33
2008-04-22,3.23,-9.14
2008-04-23,4.23,-9.18
2008-04-24,3.67,-9.31
2008-04-25,3.40,-9.11
2008-04-26,4.99,-9.35
2008-04-27,2.89,-9.46
2008-04-28,2.95,-9.24
2008-04-29,3.91,-9.28
2008-04-30,3.49,-9.89
2008-05-01,3.37,-8.60
2008-05-02,3.52,-7.83
2008-05-03,3.17,-9.03
2008-05-04,3.85,-9.04
2008-05-05,3.35,-9.58
2008-05-06,2.23,-9.32
2008-05-07,3.86,-9.25
2008-05-08,4.11,-10.30
2008-05-09,3.82,-9.77
2008-05-10,2.95,-8.97
2008-05-11,3.49,-8.81
2008-05-12,3.62,-9.66
2008-05-13,3.64,-9.84
2008-05-14,4.69,-8.63
2008-05-15,3.19,-8.82
2008-05-16,3.14,-7.96
2008-05-17,4.14,-9.58
2008-05-18,4.24,-9.47
2008-05-19,2.80,-9.71
2008-05-20,3.10,-9.77
2008-05-21,2.81,-8.89
2008-05-22,1.76,-6.58
2008-05-23,2.97,-8.40
2008-05-24,3.22,-8.87
2008-05-25,2.88,-9.82
2008-05-26,2.75,-8.11
2008-05-27,2.73,-8.62
2008-05-28,2.79,-8.47
2008-05-29,2.73,-8.33
2008-05-30,3.21,-8.00
2008-05-31,3.76,-8.26
2008-06-01,2.30,-8.70
2008-06-02,3.93,-9.12
2008-06-03,3.21,-8.25
2008-06-04,3.40,-9.24
2008-06-05,3.73,-9.49
2008-06-06,3.78,-8.98
2008-06-07,3.30,-8.41
2008-06-08,2.88,-7.91
2008-06-09,4.38,-8.74
2008-06-10,3.72,-9.43
2008-06-11,5.42,-9.12
2008-06-12,2.87,-9.38
2008-06-13,2.90,-8.20
2008-06-14,3.51,-9.12
2008-06-15,4.05,-8.20
2008-06-16,2.99,-9.01
2008-06-17,3.44,-9.09
2008-06-18,3.13,-8.60
2008-06-19,4.25,-8.85
2008-06-20,3.62,-8.46
2008-06-21,4.29,-8.73
2008-06-22,3.79,-7.49
2008-06-23,4.67,-9.24
2008-06-24,3.50,-8.10
2008-06-25,3.64,-8.74
2008-06-26,3.48,-7.89
2008-06-27,4.17,-9.73
2008-06-28,4.59,-8.68
2008-06-29,4.44,-8.73
2008-06-30,4.08,-8.50
2008-07-01,3.75,-9.72
2008-07-02,3.20,-9.32
2008-07-03,3.52,-9.46
2008-07-04,4.56,-9.14
2008-07-05,4.26,-9.04
2008-07-06,4.30,-8.78
2008-07-07,3.88,-9.03
2008-07-08,2.90,-9.31
2008-07-09,4.62,-10.01
2008-07-10,4.23,-8.95
2008-07-11,3.40,-8.98
2008-07-12,4.62,-10.88
2008-07-13,3.90,-9.98
2008-07-14,4.47,-9.57
2008-07-15,4.54,-7.35
2008-07-16,4.68,-8.71
2008-07-17,4.60,-9.07
2008-07-18,2.72,-8.53
2008-07-19,3.58,-9.72
2008-07-20,5.51,-8.96
2008-07-21,4.63,-9.60
2008-07-22,4.89,-8.96
2008-07-23,3.42,-9.11
2008-07-24,3.63,-8.93
2008-07-25,5.68,-10.04
2008-07-26,5.26,-9.85
2008-07-27,3.20,-9.72
2008-07-28,3.79,-9.50
2008-07-29,3.64,-8.42
2008-07-30,3.49,-9.69
2008-07-31,4.48,-10.07
2008-08-01,5.10,-9.20
2008-08-02,4.50,-9.85
2008-08-03,4.71,-9.15
2008-08-04,5.60,-10.22
2008-08-05,4.25,-10.67
2008-08-06,4.70,-9.23
2008-08-07,5.27,-10.13
2008-08-08,5.06,-11.49
2008-08-09,4.30,-10.49
2008-08-10,4.34,-10.23
2008-08-11,4.54,-9.49
2008-08-12,5.11,-9.34
2008-08-13,3.81,-10.36
2008-08-14,4.65,-9.71
2008-08-15,5.54,-10.70
2008-08-16,5.45,-9.16
2008-08-17,4.64,-9.96
2008-08-18,4.89,-10.15
2008-08-19,5.18,-10.42
2008-08-20,5.16,-10.80
2008-08-21,4.55,-10.86
2008-08-22,4.73,-10.20
2008-08-23,4.68,-11.64
2008-08-24,5.10,-11.17
2008-08-25,5.88,-11.06
2008-08-26,5.15,-10.91
2008-08-27,4.78,-11.54
2008-08-28,4.92,-11.23
2008-08-29,5.69,-10.39
2008-08-30,4.62,-9.53
2008-08-31,4.85,-9.65
2008-09-01,4.53,-11.88
2008-09-02,4.09,-10.47
2008-09-03,4.82,-10.18
2008-09-04,5.96,-10.61
2008-09-05,5.11,-10.77
2008-09-06,5.05,-10.85
2008-09-07,5.07,-10.68
2008-09-08,4.26,-10.17
2008-09-09,4.39,-11.18
2008-09-10,6.11,-11.30
2008-09-11,4.60,-11.25
2008-09-12,4.79,-11.79
2008-09-13,4.97,-10.53
2008-09-14,4.42,-10.08
2008-09-15,3.95,-10.62
2008-09-16,4.33,-11.32
2008-09-17,4.75,-10.12
2008-09-18,5.30,-10.73
2008-09-19,4.46,-10.43
2008-09-20,7.44,-10.81
2008-09-21,4.26,-11.42
2008-09-22,5.83,-10.68
2008-09-23,5.78,-10.04
2008-09-24,3.87,-10.12
2008-09-25,4.83,-9.90
2008-09-26,4.26,-9.87
2008-09-27,4.50,-10.65
2008-09-28,5.02,-10.77
2008-09-29,4.92,-10.62
2008-09-30,4.28,-10.58
2008-10-01,4.56,-10.11
2008-10-02,3.68,-10.84
2008-10-03,4.50,-11.05
2008-10-04,5.10,-10.41
2008-10-05,5.25,-9.65
2008-10-06,5.80,-11.20
2008-10-07,3.99,-10.45
2008-10-08,4.53,-10.51
2008-10-09,3.74,-10.84
2008-10-10,3.84,-9.77
2008-10-11,4.38,-11.30
2008-10-12,4.04,-10.43
2008-10-13,3.00,-11.62
2008-10-14,4.53,-10.07
2008-10-15,3.94,-10.16
2008-10-16,4.61,-10.20
2008-10-17,3.80,-10.53
2008-10-18,4.27,-11.32
2008-10-19,4.00,-10.26
2008-10-20,3.41,-10.67
2008-10-21,4.61,-9.40
2008-10-22,4.62,-10.96
2008-10-23,4.02,-10.40
2008-10-24,4.27,-10.57
2008-10-25,4.17,-10.31
2008-10-26,4.54,-10.77
2008-10-27,4.72,-10.26
2008-10-28,4.26,-10.32
2008-10-29,4.06,-10.92
2008-10-30,5.35,-10.54
2008-10-31,5.13,-11.12
2008-11-01,6.40,-12.41
2008-11-02,6.54,-9.36
2008-11-03,4.06,-11.99
2008-11-04,3.90,-11.72
2008-11-05,4.05,-11.47
2008-11-06,4.49,-10.43
2008-11-07,3.73,-10.68
2008-11-08,3.67,-10.25
2008-11-09,5.04,-10.57
2008-11-10,5.95,-10.83
2008-11-11,4.97,-11.49
2008-11-12,3.43,-10.36
2008-11-13,4.63,-11.07
2008-11-14,4.17,-12.04
2008-11-15,4.78,-10.84
2008-11-16,4.70,-11.10
2008-11-17,4.58,-11.25
2008-11-18,3.51,-11.06
2008-11-19,4.45,-10.31
2008-11-20,4.60,-10.06
2008-11-21,4.19,-10.47
2008-11-22,3.86,-10.97
2008-11-23,4.37,-11.24
2008-11-24,5.26,-10.76
2008-11-25,4.79,-10.99
2008-11-26,5.35,-10.57
2008-11-27,5.00,-10.50
2008-11-28,6.37,-11.53
2008-11-29,4.55,-8.33
2008-11-30,3.44,-11.33
2008-12-01,4.51,-10.08
2008-12-02,3.71,-10.64
2008-12-03,4.12,-9.60
2008-12-04,4.75,-10.66
2008-12-05,4.62,-11.10
2008-12-06,4.49,-10.35
2008-12-07,4.50,-10.32
2008-12-08,4.33,-10.51
2008-12-09,6.01,-10.03
2008-12-10,4.52,-10.31
2008-12-11,4.41,-10.46
2008-12-12,4.25,-10.59
2008-12-13,5.32,-10.67
2008-12-14,4.09,-9.97
2008-12-15,5.79,-9.69
2008-12-16,4.36,-11.16
2008-12-17,3.10,-11.03
2008-12-18,4.90,-9.65
2008-12-19,4.51,-10.36
2008-12-20,4.22,-9.89
2008-12-21,3.57,-10.65
2008-12-22,4.60,-10.14
2008-12-23,4.62,-10.65
2008-12-24,4.89,-10.25
2008-12-25,6.44,-10.24
2008-12-26,3.88,-9.88
2008-12-27,3.73,-10.43
2008-12-28,4.56,-9.97
2008-12-29,4.08,-10.08
2008-12-30,4.51,-10.35
2008-12-31,4.53,-10.78
2009-01-01,4.27,-10.58
2009-01-02,5.11,-10.63
2009-01-03,3.91,-10.57
2009-01-04,4.36,-10.85
2009-01-05,3.61,-10.88
2009-01-06,2.88,-10.63
2009-01-07,5.76,-11.04
2009-01-08,5.34,-10.63
2009-01-09,4.16,-9.59
2009-01-10,5.81,-10.22
2009-01-11,5.41,-10.39
2009-01-12,3.73,-10.83
2009-01-13,4.57,-9.83
2009-01-14,4.94,-10.04
2009-01-15,4.08,-10.84
2009-01-16,4.73,-10.34
2009-01-17,5.20,-10.58
2009-01-18,5.21,-10.26
2009-01-19,4.30,-9.60
2009-01-20,4.34,-10.27
2009-01-21,3.73,-10.25
2009-01-22,4.42,-11.11
2009-01-23,3.89,-10.94
2009-01-24,4.72,-9.98
2009-01-25,5.58,-11.69
2009-01-26,3.93,-11.81
2009-01-27,4.33,-10.34
2009-01-28,4.79,-10.59
2009-01-29,4.71,-9.55
2009-01-30,5.53,-10.45
2009-01-31,5.34,-10.50
2009-02-01,3.16,-11.14
2009-02-02,4.51,-10.29
2009-02-03,4.53,-10.37
2009-02-04,4.16,-10.47
2009-02-05,4.81,-10.83
2009-02-06,5.01,-10.93
2009-02-07,2.90,-11.00
2009-02-08,5.83,-9.29
2009-02-09,4.09,-11.71
2009-02-10,5.23,-11.30
2009-02-11,4.77,-10.69
2009-02-12,4.01,-11.65
2009-02-13,4.52,-11.36
2009-02-14,4.24,-12.09
2009-02-15,6.02,-11.23
2009-02-16,6.01,-11.83
2009-02-17,4.17,-12.20
2009-02-18,5.16,-11.60
2009-02-19,5.12,-11.69
2009-02-20,4.58,-11.20
2009-02-21,3.97,-12.06
2009-02-22,4.71,-11.08
2009-02-23,4.52,-12.74
2009-02-24,4.89,-11.27
2009-02-25,4.36,-12.74
2009-02-26,4.65,-11.17
2009-02-27,5.52,-11.44
2009-02-28,5.44,-11.51
2009-03-01,5.30,-12.10
2009-03-02,8.09,-10.50
2009-03-03,8.10,-10.79
2009-03-04,7.59,-12.14
2009-03-05,5.98,-11.67
2009-03-06,4.99,-11.19
2009-03-07,6.17,-11.51
2009-03-08,5.01,-11.81
2009-03-09,4.86,-12.27
2009-03-10,4.99,-11.70
2009-03-11,5.38,-11.71
2009-03-12,4.95,-11.45
2009-03-13,5.12,-12.22
2009-03-14,5.53,-11.47
2009-03-15,5.90,-11.82
2009-03-16,5.29,-11.34
2009-03-17,5.21,-11.93
2009-03-18,5.26,-11.18
2009-03-19,5.67,-11.63
2009-03-20,4.95,-11.70
2009-03-21,4.05,-12.61
2009-03-22,6.90,-10.84
2009-03-23,5.53,-12.51
2009-03-24,5.35,-11.33
2009-03-25,5.35,-11.15
2009-03-26,2.91,-12.14
2009-03-27,5.90,-12.77
2009-03-28,5.93,-11.58
2009-03-29,4.78,-12.22
2009-03-30,5.55,-12.77
2009-03-31,5.71,-12.25
2009-04-01,3.81,-12.43
2009-04-02,7.15,-13.16
2009-04-03,6.51,-11.75
2009-04-04,4.31,-12.27
2009-04-05,5.27,-12.06
2009-04-06,4.87,-11.87
2009-04-07,5.28,-12.09
2009-04-08,5.60,-11.20
2009-04-09,5.75,-12.46
2009-04-10,5.48,-12.72
2009-04-11,5.31,-12.62
2009-04-12,4.53,-12.04
2009-04-13,6.31,-12.88
2009-04-14,5.68,-11.97
2009-04-15,5.93,-12.09
2009-04-16,3.37,-12.99
2009-04-17,5.39,-12.72
2009-04-18,5.26,-11.68
2009-04-19,5.27,-11.97
2009-04-20,5.87,-11.89
2009-04-21,5.55,-11.56
2009-04-22,5.66,-13.49
2009-04-23,4.60,-12.42
2009-04-24,4.83,-13.11
2009-04-25,5.76,-12.87
2009-04-26,5.78,-13.29
2009-04-27,4.52,-11.64
2009-04-28,4.49,-10.85
2009-04-29,5.15,-11.90
2009-04-30,4.82,-12.53
2009-05-01,4.39,-12.16
2009-05-02,4.04,-12.63
2009-05-03,6.23,-13.05
2009-05-04,4.77,-12.01
2009-05-05,5.73,-12.01
2009-05-06,5.84,-11.85
2009-05-07,4.33,-13.26
2009-05-08,4.97,-12.30
2009-05-09,5.47,-11.75
2009-05-10,5.88,-11.39
2009-05-11,4.27,-11.45
2009-05-12,5.18,-12.96
2009-05-13,5.10,-12.57
2009-05-14,5.31,-11.91
2009-05-15,5.10,-11.44
2009-05-16,5.28,-12.33
2009-05-17,4.91,-11.90
2009-05-18,5.73,-12.10
2009-05-19,4.14,-11.91
2009-05-20,5.29,-10.91
2009-05-21,5.94,-12.42
2009-05-22,4.94,-11.97
2009-05-23,4.67,-12.33
2009-05-24,3.67,-11.75
2009-05-25,6.02,-12.16
2009-05-26,5.37,-12.62
2009-05-27,5.55,-12.13
2009-05-28,7.72,-11.70
2009-05-29,5.03,-12.70
2009-05-30,5.42,-12.33
2009-05-31,5.86,-12.04
2009-06-01,5.81,-12.12
2009-06-02,5.39,-11.78
2009-06-03,5.63,-10.86
2009-06-04,5.95,-11.40
2009-06-05,4.71,-11.39
2009-06-06,5.56,-12.72
2009-06-07,5.19,-12.49
2009-06-08,5.36,-11.53
2009-06-09,6.20,-12.22
2009-06-10,5.87,-12.75
2009-06-11,4.09,-12.20
2009-06-12,6.19,-12.95
2009-06-13,5.90,-12.52
2009-06-14,4.95,-12.54
2009-06-15,5.69,-11.54
2009-06-16,5.14,-12.15
2009-06-17,6.01,-12.46
2009-06-18,6.64,-10.39
2009-06-19,6.60,-11.91
2009-06-20,8.36,-12.64
2009-06-21,6.25,-11.31
2009-06-22,5.68,-12.21
2009-06-23,5.38,-12.36
2009-06-24,6.06,-11.32
2009-06-25,6.89,-12.73
2009-06-26,5.92,-13.55
2009-06-27,5.24,-12.58
2009-06-28,5.94,-12.29
2009-06-29,6.49,-12.18
2009-06-30,6.06,-12.84
2009-07-01,5.57,-12.51
2009-07-02,6.89,-12.72
2009-07-03,6.21,-13.35
2009-07-04,5.83,-15.10
2009-07-05,6.88,-12.83
2009-07-06,5.22,-12.49
2009-07-07,5.65,-13.37
2009-07-08,5.10,-13.38
2009-07-09,7.23,-12.36
2009-07-10,5.62,-13.46
2009-07-11,6.48,-13.71
2009-07-12,4.19,-13.95
2009-07-13,5.20,-14.07
2009-07-14,6.36,-13.45
2009-07-15,6.96,-13.60
2009-07-16,7.46,-11.72
2009-07-17,5.67,-13.49
2009-07-18,5.63,-13.55
2009-07-19,6.34,-13.73
2009-07-20,4.28,-15.54
2009-07-21,5.39,-14.78
2009-07-22,6.36,-11.44
2009-07-23,6.25,-12.68
2009-07-24,5.31,-13.42
2009-07-25,6.41,-13.13
2009-07-26,4.75,-11.65
2009-07-27,7.42,-13.67
2009-07-28,7.53,-13.77
2009-07-29,6.01,-13.25
2009-07-30,6.58,-13.82
2009-07-31,6.88,-13.52
2009-08-01,5.87,-13.18
2009-08-02,7.29,-13.45
2009-08-03,7.69,-13.11
2009-08-04,7.25,-13.86
2009-08-05,6.00,-13.66
2009-08-06,6.03,-14.61
2009-08-07,7.14,-15.55
2009-08-08,5.35,-13.47
2009-08-09,6.84,-14.84
2009-08-10,6.28,-13.43
2009-08-11,6.02,-13.67
2009-08-12,6.06,-13.75
2009-08-13,6.87,-14.13
2009-08-14,6.66,-13.64
2009-08-15,6.88,-14.74
2009-08-16,7.38,-14.07
2009-08-17,6.33,-14.24
2009-08-18,7.06,-14.20
2009-08-19,6.44,-14.51
2009-08-20,7.70,-13.21
2009-08-21,6.23,-13.72
2009-08-22,4.48,-14.50
2009-08-23,6.52,-14.01
2009-08-24,6.48,-14.15
2009-08-25,7.25,-13.14
2009-08-26,7.00,-14.27
2009-08-27,6.57,-13.42
2009-08-28,6.33,-14.21
2009-08-29,5.45,-13.86
2009-08-30,6.12,-13.76
2009-08-31,7.11,-14.81
2009-09-01,5.38,-14.72
2009-09-02,6.29,-14.46
2009-09-03,6.90,-15.50
2009-09-04,5.16,-13.98
2009-09-05,5.70,-13.61
2009-09-06,6.41,-14.84
2009-09-07,5.21,-14.55
2009-09-08,5.20,-14.53
2009-09-09,5.39,-14.51
2009-09-10,7.22,-14.00
2009-09-11,6.37,-14.09
2009-09-12,5.35,-13.36
2009-09-13,7.61,-14.02
2009-09-14,6.76,-14.60
2009-09-15,5.19,-13.72
2009-09-16,5.84,-13.69
2009-09-17,6.67,-13.88
2009-09-18,5.67,-14.12
2009-09-19,6.87,-14.10
2009-09-20,6.83,-14.31
2009-09-21,6.29,-15.07
2009-09-22,6.96,-14.48
2009-09-23,7.12,-14.52
2009-09-24,6.12,-14.51
2009-09-25,6.82,-14.19
2009-09-26,6.04,-14.47
2009-09-27,6.09,-14.25
2009-09-28,6.10,-14.78
2009-09-29,6.48,-15.33
2009-09-30,6.07,-12.94
2009-10-01,6.29,-13.45
2009-10-02,5.66,-14.27
2009-10-03,5.49,-13.31
2009-10-04,6.19,-14.06
2009-10-05,6.22,-14.80
2009-10-06,5.87,-13.82
2009-10-07,6.52,-14.01
2009-10-08,5.92,-13.21
2009-10-09,6.12,-14.56
2009-10-10,5.40,-13.98
2009-10-11,5.87,-13.43
2009-10-12,6.34,-14.16
2009-10-13,7.09,-13.45
2009-10-14,5.76,-14.34
2009-10-15,7.21,-12.85
2009-10-16,5.91,-15.09
2009-10-17,5.60,-14.16
2009-10-18,4.93,-13.60
2009-10-19,6.61,-13.50
2009-10-20,8.05,-15.80
2009-10-21,6.47,-13.32
2009-10-22,6.73,-13.56
2009-10-23,6.56,-14.13
2009-10-24,5.83,-14.18
2009-10-25,7.71,-14.43
2009-10-26,6.58,-14.26
2009-10-27,7.50,-14.92
2009-10-28,4.98,-13.04
2009-10-29,6.11,-13.78
2009-10-30,6.26,-13.20
2009-10-31,6.88,-14.26
2009-11-01,7.07,-14.06
2009-11-02,7.12,-13.29
2009-11-03,5.71,-14.01
2009-11-04,7.10,-14.05
2009-11-05,7.52,-14.07
2009-11-06,6.76,-14.05
2009-11-07,7.13,-14.19
2009-11-08,6.47,-14.00
2009-11-09,5.67,-14.06
2009-11-10,5.58,-14.44
2009-11-11,6.64,-13.78
2009-11-12,5.65,-15.40
2009-11-13,6.34,-14.75
2009-11-14,6.68,-13.19
2009-11-15,7.47,-14.21
2009-11-16,6.59,-13.54
2009-11-17,6.58,-14.40
2009-11-18,6.03,-13.57
2009-11-19,5.23,-14.01
2009-11-20,6.96,-14.33
2009-11-21,7.73,-14.10
2009-11-22,7.00,-14.27
2009-11-23,6.60,-14.75
2009-11-24,6.59,-14.24
2009-11-25,5.61,-14.00
2009-11-26,7.07,-13.71
2009-11-27,8.10,-14.37
2009-11-28,7.43,-14.96
2009-11-29,6.37,-13.42
2009-11-30,6.76,-13.60
2009-12-01,7.07,-13.82
2009-12-02,6.95,-14.18
2009-12-03,7.93,-13.69
2009-12-04,5.87,-14.03
2009-12-05,5.82,-13.64
2009-12-06,5.50,-13.16
2009-12-07,6.12,-13.42
2009-12-08,7.72,-13.42
2009-12-09,6.99,-13.53
2009-12-10,5.63,-14.00
2009-12-11,6.14,-13.97
2009-12-12,6.74,-12.76
2009-12-13,6.71,-12.75
2009-12-14,6.96,-13.02
2009-12-15,6.71,-13.35
2009-12-16,6.58,-13.49
2009-12-17,6.37,-13.50
2009-12-18,5.10,-13.62
2009-12-19,6.39,-12.92
2009-12-20,6.52,-14.01
2009-12-21,6.42,-14.51
2009-12-22,5.33,-14.38
2009-12-23,0.96,-14.35
2009-12-24,7.06,-12.42
2009-12-26,6.94,-13.53
2009-12-28,6.88,-12.86
2009-12-29,6.09,-13.90
2009-12-31,7.18,-12.65
2010-01-01,7.34,-12.45
2010-01-02,6.14,-12.84
2010-01-03,6.72,-13.29
2010-01-04,6.81,-13.46
2010-01-05,6.49,-12.83
2010-01-06,7.05,-13.35
2010-01-07,6.57,-13.33
2010-01-08,6.96,-12.76
2010-01-09,6.12,-13.25
2010-01-10,7.40,-12.61
2010-01-11,6.79,-12.90
2010-01-12,6.41,-13.09
2010-01-13,5.55,-12.56
2010-01-14,5.75,-14.20
2010-01-15,6.86,-13.97
2010-01-16,6.18,-13.87
2010-01-17,6.10,-13.25
2010-01-18,8.13,-12.79
2010-01-19,7.21,-13.19
2010-01-20,7.19,-14.61
2010-01-21,7.88,-14.10
2010-01-22,9.00,-14.05
2010-01-23,6.35,-14.55
2010-01-24,7.11,-13.50
2010-01-25,6.51,-13.96
2010-01-26,6.75,-13.72
2010-01-27,5.39,-14.62
2010-01-28,8.41,-13.41
2010-01-29,5.80,-13.24
2010-01-30,6.63,-14.28
2010-01-31,6.98,-13.75
2010-02-01,6.97,-13.63
2010-02-02,7.10,-13.65
2010-02-03,5.90,-13.50
2010-02-04,5.93,-14.74
2010-02-05,6.46,-14.70
2010-02-06,6.99,-13.35
2010-02-07,8.21,-15.21
2010-02-08,6.29,-15.49
2010-02-09,6.23,-14.63
2010-02-10,6.35,-14.73
2010-02-11,6.78,-14.11
2010-02-12,6.88,-14.24
2010-02-13,7.47,-14.23
2010-02-14,6.17,-13.93
2010-02-15,5.98,-13.99
2010-02-16,6.78,-14.50
2010-02-17,7.50,-14.52
2010-02-18,7.40,-14.42
2010-02-19,6.70,-14.35
2010-02-20,6.31,-14.73
2010-02-21,6.74,-14.72
2010-02-22,5.82,-13.48
2010-02-23,8.21,-13.96
2010-02-24,7.50,-14.26
2010-02-25,6.39,-14.85
2010-02-26,7.09,-14.02
2010-02-27,9.11,-14.72
2010-02-28,8.61,-14.60
2010-03-01,7.10,-14.71
2010-03-02,7.15,-15.03
2010-03-03,7.46,-14.98
2010-03-04,8.10,-14.52
2010-03-05,7.05,-14.74
2010-03-06,7.16,-14.10
2010-03-07,7.68,-14.46
2010-03-08,7.73,-14.30
2010-03-09,5.03,-15.61
2010-03-10,6.28,-15.25
2010-03-11,6.76,-15.15
2010-03-12,6.79,-14.50
2010-03-13,6.10,-14.35
2010-03-14,5.89,-15.83
2010-03-15,6.92,-14.62
2010-03-16,7.24,-14.56
2010-03-17,7.63,-14.85
2010-03-18,7.96,-13.70
2010-03-19,6.28,-15.38
2010-03-20,7.51,-14.88
2010-03-21,6.43,-14.78
2010-03-22,6.74,-15.33
2010-03-23,7.11,-15.82
2010-03-24,7.37,-14.93
2010-03-25,7.42,-15.10
2010-03-26,6.32,-15.82
2010-03-27,7.73,-14.54
2010-03-28,7.70,-15.17
2010-03-29,7.77,-15.10
2010-03-30,6.93,-15.37
2010-03-31,7.24,-16.17
2010-04-01,6.43,-15.48
2010-04-02,7.76,-15.06
2010-04-03,7.86,-15.10
2010-04-04,7.80,-15.68
2010-04-05,7.64,-14.43
2010-04-06,6.30,-14.95
2010-04-07,7.14,-15.61
2010-04-08,6.80,-14.95
2010-04-09,6.58,-15.08
2010-04-10,7.25,-15.09
2010-04-11,7.07,-15.22
2010-04-12,5.54,-14.62
2010-04-13,5.45,-15.17
2010-04-14,6.93,-14.66
2010-04-15,6.57,-15.77
2010-04-16,6.05,-15.86
2010-04-17,5.68,-15.20
2010-04-18,5.41,-15.44
2010-04-19,6.14,-15.72
2010-04-20,7.75,-16.34
2010-04-21,5.83,-15.84
2010-04-22,5.19,-14.55
2010-04-23,2.89,-16.08
2010-04-24,5.10,-15.53
2010-04-25,5.27,-15.44
2010-04-26,5.52,-15.28
2010-04-27,4.85,-15.69
2010-04-28,5.13,-14.69
2010-04-29,4.60,-15.31
2010-04-30,5.49,-15.74
2010-05-01,6.90,-15.75
2010-05-02,3.83,-16.84
2010-05-03,5.77,-14.79
2010-05-04,5.29,-14.38
2010-05-05,5.21,-15.65
2010-05-06,5.28,-16.14
2010-05-07,5.83,-15.66
2010-05-08,5.94,-15.22
2010-05-09,6.58,-14.66
2010-05-10,6.02,-15.52
2010-05-11,4.71,-14.88
2010-05-12,2.40,-15.66
2010-05-13,5.85,-15.05
2010-05-14,5.54,-15.74
2010-05-15,6.02,-14.79
2010-05-16,5.08,-15.36
2010-05-17,5.14,-13.74
2010-05-18,5.67,-15.83
2010-05-19,5.23,-15.85
2010-05-20,4.89,-16.35
2010-05-21,6.92,-16.05
2010-05-22,6.35,-13.75
2010-05-23,6.09,-15.41
2010-05-24,6.14,-15.10
2010-05-25,5.48,-15.21
2010-05-26,7.36,-14.86
2010-05-27,5.36,-14.65
2010-05-28,6.12,-16.12
2010-05-29,5.09,-14.65
2010-05-30,5.20,-15.61
2010-05-31,6.38,-15.76
2010-06-01,5.87,-14.99
2010-06-02,6.15,-15.05
2010-06-03,6.79,-14.86
2010-06-04,6.39,-15.48
2010-06-05,7.32,-16.20
2010-06-06,4.80,-14.88
2010-06-07,5.54,-15.62
2010-06-08,6.91,-14.89
2010-06-09,5.90,-14.93
2010-06-10,5.20,-17.01
2010-06-11,5.90,-15.95
2010-06-12,5.69,-15.24
2010-06-13,7.29,-15.69
2010-06-14,6.63,-15.38
2010-06-15,5.87,-14.93
2010-06-16,5.83,-13.88
2010-06-17,5.53,-14.94
2010-06-18,6.76,-15.16
2010-06-19,6.24,-16.45
2010-06-20,5.66,-15.56
2010-06-21,6.73,-14.96
2010-06-22,6.18,-15.31
2010-06-23,6.00,-14.94
2010-06-24,6.19,-16.65
2010-06-25,7.76,-15.84
2010-06-26,6.66,-16.85
2010-06-27,5.76,-15.28
2010-06-28,6.39,-15.64
2010-06-29,4.73,-15.87
2010-06-30,6.48,-16.31
2010-07-01,6.16,-14.18
2010-07-02,6.39,-16.34
2010-07-03,6.58,-15.52
2010-07-04,6.93,-16.45
2010-07-05,6.52,-16.14
2010-07-06,5.45,-15.81
2010-07-07,6.05,-16.01
2010-07-08,5.98,-15.47
2010-07-09,6.21,-15.67
2010-07-10,6.00,-15.98
2010-07-11,6.76,-15.96
2010-07-12,6.52,-16.29
2010-07-13,6.44,-14.83
2010-07-14,6.32,-15.96
2010-07-15,6.65,-16.31
2010-07-16,5.92,-16.16
2010-07-17,7.16,-16.38
2010-07-18,5.85,-14.94
2010-07-19,6.24,-14.75
2010-07-20,7.82,-17.33
2010-07-21,6.29,-16.80
2010-07-22,6.82,-16.11
2010-07-23,5.97,-16.08
2010-07-24,6.61,-16.53
2010-07-25,6.18,-16.01
2010-07-26,7.85,-18.13
2010-07-27,7.22,-16.52
2010-07-28,9.80,-18.61
2010-07-29,8.32,-15.69
2010-07-30,8.56,-16.94
2010-07-31,8.23,-16.65
2010-08-01,6.40,-16.70
2010-08-02,7.06,-17.00
2010-08-03,7.10,-16.09
2010-08-04,8.67,-16.56
2010-08-05,6.12,-17.01
2010-08-06,7.49,-18.40
2010-08-07,7.54,-17.71
2010-08-08,6.37,-15.57
2010-08-09,6.60,-17.03
2010-08-10,6.66,-16.75
2010-08-11,6.72,-16.68
2010-08-12,6.70,-17.47
2010-08-13,6.34,-16.90
2010-08-14,6.13,-17.04
2010-08-15,5.98,-17.31
2010-08-16,5.66,-17.00
2010-08-17,6.17,-16.89
2010-08-18,6.63,-15.84
2010-08-19,6.63,-16.55
2010-08-20,5.52,-16.99
2010-08-21,7.65,-17.89
2010-08-22,7.20,-15.13
2010-08-23,5.95,-17.87
2010-08-24,6.34,-16.78
2010-08-25,6.28,-17.50
2010-08-26,7.15,-16.74
2012-04-02,8.03,-21.96
2012-04-03,7.36,-20.89
2012-04-04,6.95,-20.58
2012-04-05,8.48,-20.60
2012-04-06,7.78,-19.53
2012-04-07,7.29,-21.18
2012-04-08,7.44,-20.63
2012-04-09,7.94,-20.32
2012-04-10,8.00,-20.25
2012-04-11,5.13,-22.44
2012-04-12,6.59,-20.94
2012-04-13,9.68,-21.05
2012-04-14,7.23,-19.83
2012-04-15,9.76,-19.89
2012-04-16,7.75,-20.39
2012-04-17,7.94,-21.06
2012-04-18,7.75,-20.62
2012-04-19,8.12,-20.93
2012-04-20,7.82,-20.35
2012-04-21,9.13,-19.77
2012-04-22,7.08,-20.39
2012-04-23,7.74,-21.35
2012-04-24,7.38,-21.36
2012-04-25,9.08,-21.55
2012-04-26,10.27,-20.49
2012-04-27,8.49,-21.47
2012-04-28,7.85,-21.08
2012-04-29,8.31,-21.37
2012-04-30,8.08,-21.02
2012-05-01,7.47,-20.61
2012-05-02,8.14,-20.43
2012-05-03,7.98,-21.48
2012-05-04,7.92,-21.32
2012-05-05,7.93,-21.61
2012-05-06,8.18,-20.31
2012-05-07,8.31,-21.27
2012-05-08,8.18,-20.75
2012-05-09,8.01,-21.25
2012-05-10,7.29,-21.40
2012-05-11,7.48,-20.78
2012-05-12,7.79,-21.19
2012-05-13,8.81,-21.27
2012-05-14,8.40,-20.28
2012-05-15,9.32,-20.77
2012-05-16,7.62,-21.44
2012-05-17,9.12,-21.69
2012-05-18,8.39,-21.15
2012-05-19,9.24,-21.52
2012-05-20,9.08,-21.80
2012-05-21,8.14,-21.93
2012-05-22,8.46,-22.58
2012-05-23,9.08,-21.25
2012-05-24,7.66,-21.14
2012-05-25,9.32,-21.50
2012-05-26,7.88,-21.42
2012-05-27,8.51,-21.38
2012-05-28,8.68,-20.35
2012-05-29,9.48,-20.73
2012-05-30,9.40,-21.69
2012-05-31,9.61,-21.68
2012-06-01,9.01,-20.80
2012-06-02,9.47,-22.37
2012-06-03,8.79,-20.84
2012-06-04,9.58,-20.88
2012-06-05,9.93,-20.62
2012-06-06,9.35,-21.31
2012-06-07,9.30,-21.34
2012-06-08,9.19,-20.75
2012-06-09,9.68,-21.54
2012-06-10,9.71,-21.78
2012-06-11,8.94,-21.39
2012-06-12,8.62,-22.39
2012-06-13,9.41,-21.15
2012-06-14,9.56,-20.86
2012-06-15,9.91,-21.68
2012-06-16,9.70,-21.20
2012-06-17,9.92,-22.30
2012-06-18,9.34,-21.99
2012-06-19,10.13,-22.45
2012-06-20,10.24,-21.87
2012-06-21,9.60,-21.95
2012-06-22,10.37,-21.91
2012-06-23,11.02,-21.93
2012-06-24,10.53,-22.73
2012-06-25,12.88,-22.80
2012-06-26,9.55,-23.03
2012-06-27,9.98,-22.23
2012-06-28,9.87,-21.88
2012-06-29,9.26,-22.36
2012-06-30,9.89,-21.91
2012-07-01,10.01,-22.20
2012-07-02,10.26,-20.81
2012-07-03,10.07,-20.86
2012-07-04,11.48,-20.93
2012-07-05,10.78,-22.16
2012-07-06,9.69,-22.43
2012-07-07,9.43,-22.33
2012-07-08,9.23,-22.51
2012-07-09,9.11,-22.66
2012-07-10,9.86,-21.88
2012-07-11,9.81,-21.81
2012-07-12,9.02,-23.45
2012-07-13,8.38,-21.86
2012-07-14,12.48,-20.91
2012-07-15,8.12,-22.99
2012-07-16,9.79,-22.87
2012-07-17,10.60,-21.36
2012-07-18,10.52,-22.40
2012-07-19,9.51,-21.32
2012-07-20,9.27,-21.54
2012-07-21,9.00,-21.48
2012-07-22,9.75,-21.68
2012-07-23,10.07,-20.62
2012-07-24,10.36,-23.90
2012-07-25,8.23,-22.27
2012-07-26,9.57,-21.91
2012-07-27,9.77,-22.04
2012-07-28,9.08,-21.95
2012-07-29,9.37,-22.25
2012-07-30,8.57,-22.91
2012-07-31,9.71,-22.83
2012-08-01,10.98,-22.23
2012-08-02,10.29,-23.47
2012-08-03,8.57,-22.48
2012-08-04,9.78,-23.36
2012-08-05,8.53,-22.68
2012-08-06,7.80,-22.56
2012-08-07,8.07,-22.41
2012-08-08,8.14,-22.36
2012-08-09,8.93,-22.76
2012-08-10,8.71,-22.46
2012-08-11,8.56,-22.17
2012-08-12,8.94,-21.31
2012-08-13,10.23,-23.66
2012-08-14,8.56,-22.45
2012-08-15,7.89,-23.45
2012-08-16,8.80,-22.68
2012-08-17,8.06,-22.44
2012-08-18,8.36,-22.94
2012-08-19,8.46,-22.64
2012-08-20,8.39,-23.29
2012-08-21,8.72,-22.87
2012-08-22,8.61,-23.03
2012-08-23,9.62,-22.50
2012-08-24,8.74,-21.94
2012-08-25,12.61,-22.31
2012-08-26,7.65,-25.22
2012-08-27,9.05,-23.60
2012-08-28,8.95,-22.50
2012-08-29,9.25,-22.49
2012-08-30,10.95,-23.46
2012-08-31,9.96,-23.76
2012-09-01,8.21,-23.50
2012-09-02,8.75,-22.15
2012-09-03,8.26,-22.72
2012-09-04,6.69,-22.06
2012-09-05,9.65,-23.19
2012-09-06,8.05,-22.87
2012-09-07,9.18,-21.77
2012-09-08,9.15,-22.27
2012-09-09,8.39,-21.47
2012-09-10,9.75,-21.56
2012-09-11,9.41,-24.13
2012-09-12,9.44,-22.41
2012-09-13,8.05,-22.29
2012-09-14,9.15,-21.81
2012-09-15,10.31,-23.29
2012-09-16,9.27,-23.11
2012-09-17,8.51,-22.30
2012-09-18,8.43,-22.57
2012-09-19,9.14,-22.68
2012-09-20,8.63,-23.52
2012-09-21,8.76,-22.62
2012-09-22,8.70,-22.64
2012-09-23,8.96,-23.07
2012-09-24,9.05,-22.47
2012-09-25,8.68,-22.82
2012-09-26,9.06,-23.31
2012-09-27,9.15,-22.94
2012-09-28,8.45,-22.63
2012-09-29,9.05,-22.42
2012-09-30,9.25,-23.00
2012-10-01,8.69,-23.75
2012-10-02,8.43,-22.43
2012-10-03,9.53,-22.44
2012-10-04,9.30,-22.68
2012-10-05,8.34,-23.95
2012-10-06,8.50,-21.87
2012-10-07,8.26,-21.79
2012-10-08,7.79,-22.93
2012-10-09,8.50,-23.01
2012-10-10,8.67,-21.84
2012-10-11,8.31,-22.26
2012-10-12,8.56,-23.19
2012-10-13,7.63,-23.06
2012-10-14,8.98,-22.86
2012-10-15,9.39,-22.48
2012-10-16,9.06,-22.55
2012-10-17,9.51,-22.11
2012-10-18,8.61,-22.77
2012-10-19,9.62,-22.31
2012-10-20,9.00,-22.07
2012-10-21,8.79,-22.47
2012-10-22,8.09,-23.51
2012-10-23,9.98,-20.89
2012-10-24,9.61,-22.16
2012-10-25,8.37,-22.82
2012-10-26,8.37,-22.59
2012-10-27,8.54,-23.23
2012-10-28,9.09,-22.64
2012-10-29,9.24,-23.14
2012-10-30,8.86,-23.16
2012-10-31,8.70,-23.28
2012-11-01,8.65,-22.58
2012-11-02,8.98,-22.53
2012-11-03,8.95,-22.90
2012-11-04,9.14,-22.73
2012-11-05,8.70,-23.19
2012-11-06,9.57,-22.22
2012-11-07,7.84,-22.91
2012-11-08,8.50,-23.51
2012-11-09,8.62,-22.41
2012-11-10,8.19,-22.86
2012-11-11,8.36,-21.89
2012-11-12,8.75,-22.50
2012-11-13,8.36,-22.35
2012-11-14,8.09,-22.44
2012-11-15,8.45,-22.37
2012-11-16,8.51,-23.35
2012-11-17,9.50,-22.18
2012-11-18,8.19,-23.60
2012-11-19,7.83,-23.16
2012-11-20,8.71,-22.68
2012-11-21,7.77,-22.72
2012-11-22,8.53,-22.70
2012-11-23,8.80,-22.19
2012-11-24,8.60,-22.45
2012-11-25,9.33,-23.13
2012-11-26,8.57,-22.74
2012-11-27,8.09,-22.27
2012-11-28,7.41,-23.54
2012-11-29,8.65,-22.91
2012-11-30,9.32,-22.21
2012-12-01,8.77,-23.79
2012-12-02,8.87,-22.98
2012-12-03,7.51,-22.04
2012-12-04,8.70,-22.82
2012-12-05,9.58,-21.97
2012-12-06,9.14,-23.31
2012-12-07,8.02,-22.55
2012-12-08,8.99,-22.99
2012-12-09,9.37,-22.80
2012-12-10,11.22,-22.06
2012-12-11,9.54,-23.40
2012-12-12,9.91,-22.91
2012-12-13,8.78,-24.15
2012-12-14,8.60,-23.11
2012-12-15,8.22,-23.16
2012-12-16,8.63,-23.38
2012-12-17,8.91,-22.68
2012-12-18,6.82,-22.92
2012-12-19,9.35,-23.02
2012-12-20,8.81,-21.97
2012-12-21,9.64,-23.51
2012-12-22,9.39,-22.08
2012-12-23,8.97,-23.07
2012-12-24,9.77,-23.24
2012-12-25,10.43,-22.85
2012-12-26,9.52,-24.08
2012-12-27,9.35,-23.74
2012-12-28,9.44,-23.69
2012-12-29,9.77,-23.06
2012-12-30,10.41,-22.84
2012-12-31,10.55,-23.52
2013-01-01,9.99,-24.07
2013-01-02,9.07,-22.98
2013-01-03,10.03,-22.80
2013-01-04,10.29,-23.31
2013-01-05,9.48,-23.28
2013-01-06,10.08,-24.26
2013-01-07,11.04,-23.33
2013-01-08,12.17,-23.15
2013-01-09,9.95,-22.81
2013-01-10,11.76,-24.73
2013-01-11,9.26,-22.58
2013-01-12,8.92,-23.88
2013-01-13,9.04,-23.68
2013-01-14,9.61,-22.57
2013-01-15,10.33,-22.17
2013-01-16,11.18,-23.10
2013-01-17,10.07,-22.74
2013-01-18,9.46,-22.20
2013-01-19,10.20,-22.03
2013-01-20,9.57,-22.44
2013-01-21,10.95,-22.55
2013-01-22,10.07,-22.66
2013-01-23,10.96,-22.87
2013-01-24,11.22,-22.81
2013-01-25,11.39,-22.94
2013-01-26,9.52,-23.03
2013-01-27,10.18,-23.32
2013-01-28,9.55,-23.58
2013-01-29,9.21,-23.78
2013-01-30,11.56,-23.93
2013-01-31,10.53,-23.37
2013-02-01,10.11,-23.37
2013-02-02,9.81,-23.30
2013-02-03,9.56,-23.55
2013-02-04,10.98,-23.71
2013-02-05,10.22,-23.55
2013-02-06,10.15,-23.21
2013-02-07,10.40,-23.96
2013-02-08,9.69,-22.77
2013-02-09,10.41,-24.79
2013-02-10,10.30,-23.79
2013-02-11,10.16,-24.33
2013-02-12,9.95,-23.89
2013-02-13,10.23,-23.64
2013-02-14,10.59,-23.37
2013-02-15,11.13,-24.01
2013-02-16,10.03,-23.76
2013-02-17,10.10,-23.96
2013-02-18,11.19,-23.80
2013-02-19,10.96,-23.67
2013-02-20,8.56,-24.71
2013-02-21,8.96,-24.14
2013-02-22,9.88,-23.84
2013-02-23,9.90,-23.07
2013-02-24,10.28,-23.63
2013-02-25,10.69,-23.93
2013-02-26,8.46,-23.27
2013-02-27,9.70,-24.09
2013-02-28,10.21,-23.53
2013-03-01,9.68,-24.15
2013-03-02,8.84,-24.11
2013-03-03,9.71,-24.11
2013-03-04,10.20,-25.05
2013-03-05,10.14,-24.55
2013-03-06,10.13,-23.81
2013-03-07,10.12,-24.21
2013-03-08,10.53,-23.07
2013-03-09,9.11,-23.65
2013-03-10,9.92,-23.10
2013-03-11,9.25,-24.20
2013-03-12,9.17,-23.90
2013-03-13,9.36,-24.38
2013-03-14,8.72,-23.90
2013-03-15,10.44,-24.38
2013-03-16,9.82,-23.26
2013-03-17,9.09,-23.66
2013-03-18,9.10,-23.31
2013-03-19,9.42,-23.16
2013-03-20,9.57,-23.34
2013-03-21,9.31,-22.96
2013-03-22,9.86,-22.80
2013-03-23,10.12,-23.13
2013-03-24,9.82,-24.10
2013-03-25,10.27,-23.13
2013-03-26,9.22,-23.24
2013-03-27,8.79,-23.94
2013-03-28,8.82,-24.13
2013-03-29,8.23,-23.36
2013-03-30,9.66,-23.11
2013-03-31,11.09,-23.90
2013-04-01,10.32,-22.84
2013-04-02,9.13,-23.64
2013-04-03,9.15,-23.39
2013-04-04,8.47,-23.15
2013-04-05,9.69,-23.92
2013-04-06,9.91,-23.22
2013-04-07,9.87,-23.16
2013-04-08,8.43,-24.11
2013-04-09,7.02,-22.76
2013-04-10,9.88,-23.10
2013-04-11,9.87,-24.10
2013-04-12,9.76,-25.09
2013-04-13,8.89,-23.40
2013-04-14,9.55,-24.38
2013-04-15,10.13,-24.75
2013-04-16,9.28,-23.04
2013-04-17,8.91,-24.84
2013-04-18,9.21,-23.80
2013-04-19,9.54,-23.12
2013-04-20,9.28,-22.53
2013-04-21,10.23,-23.17
2013-04-22,9.68,-23.35
2013-04-23,10.01,-23.50
2013-04-24,8.58,-23.08
2013-04-25,8.39,-23.52
2013-04-26,9.43,-24.28
2013-04-27,9.03,-24.76
2013-04-28,9.68,-24.13
2013-04-29,9.20,-23.82
2013-04-30,9.33,-23.89
2013-05-01,9.18,-24.69
2013-05-02,10.14,-24.42
2013-05-03,9.36,-23.74
2013-05-04,10.17,-23.66
2013-05-05,9.58,-24.65
2013-05-06,9.07,-23.51
2013-05-07,10.43,-24.70
2013-05-08,8.83,-24.65
2013-05-09,9.44,-22.97
2013-05-10,9.83,-24.36
2013-05-11,9.79,-23.51
2013-05-12,10.02,-24.29
2013-05-13,9.98,-24.35
2013-05-14,10.23,-23.39
2013-05-15,9.54,-24.13
2013-05-16,10.30,-23.80
2013-05-17,10.10,-24.17
2013-05-18,9.73,-24.76
2013-05-19,10.02,-23.58
2013-05-20,9.62,-25.36
2013-05-21,10.29,-23.85
2013-05-22,9.83,-24.52
2013-05-23,10.17,-24.30
2013-05-24,11.05,-24.52
2013-05-25,10.10,-24.38
2013-05-26,10.17,-24.66
2013-05-27,10.78,-24.80
2013-05-28,11.62,-24.59
2013-05-29,10.27,-24.22
2013-05-30,11.30,-24.00
2013-05-31,10.41,-24.00
2013-06-01,11.73,-24.10
2013-06-02,11.47,-24.28
2013-06-03,10.92,-24.48
2013-06-04,11.12,-24.86
2013-06-05,10.93,-25.21
2013-06-06,11.24,-24.47
2013-06-07,11.27,-24.71
2013-06-08,10.57,-24.34
2013-06-09,11.31,-24.42
2013-06-10,11.67,-24.24
2013-06-11,10.84,-24.28
2013-06-12,10.96,-26.01
2013-06-13,11.40,-24.67
2013-06-14,11.54,-24.94
2013-06-15,11.78,-24.60
2013-06-16,11.75,-23.78
2013-06-17,11.37,-24.67
2013-06-18,11.71,-24.01
2013-06-19,12.22,-25.46
2013-06-20,11.24,-25.16
2013-06-21,10.88,-24.34
2013-06-22,10.64,-24.42
2013-06-23,10.75,-24.92
2013-06-24,11.10,-25.42
2013-06-25,11.32,-24.55
2013-06-26,11.36,-25.61
2013-06-27,11.23,-24.42
2013-06-28,10.84,-24.85
2013-06-29,11.45,-24.31
2013-06-30,11.76,-24.99
2013-07-01,12.11,-25.30
2013-07-02,10.61,-26.35
2013-07-03,11.30,-25.61
2013-07-04,8.77,-24.47
2013-07-05,10.92,-24.70
2013-07-06,13.14,-26.74
2013-07-07,14.60,-25.05
2013-07-08,11.00,-25.90
2013-07-09,10.38,-25.74
2013-07-10,11.48,-25.51
2013-07-11,11.57,-25.13
2013-07-12,10.00,-25.41
2013-07-13,10.16,-25.31
2013-07-14,9.86,-25.27
2013-07-15,10.31,-26.90
2013-07-16,10.87,-24.52
2013-07-17,11.36,-26.72
2013-07-18,9.96,-25.46
2013-07-19,10.54,-26.04
2013-07-20,10.07,-25.76
2013-07-21,9.61,-26.01
2013-07-22,11.70,-25.19
2013-07-23,10.72,-26.98
2013-07-24,13.33,-25.51
2013-07-25,9.09,-25.81
2013-07-26,9.36,-25.25
2013-07-27,10.48,-26.49
2013-07-28,10.53,-24.25
2013-07-29,11.25,-25.74
2013-07-30,11.78,-25.81
2013-07-31,12.28,-24.95
2013-08-01,11.89,-26.44
2013-08-02,11.74,-24.87
2013-08-03,10.40,-25.94
2013-08-04,10.05,-25.87
2013-08-05,10.31,-25.53
2013-08-06,9.76,-25.33
2013-08-07,10.50,-27.04
2013-08-08,10.91,-25.93
2013-08-09,11.63,-25.84
2013-08-10,10.33,-25.04
2013-08-11,10.45,-25.73
2013-08-12,11.16,-25.02
2013-08-13,12.05,-24.56
2013-08-14,11.28,-24.50
2013-08-15,9.59,-24.69
2013-08-16,11.81,-26.52
2013-08-17,11.13,-25.73
2013-08-18,12.75,-25.75
2013-08-19,10.68,-24.80
2013-08-20,11.45,-25.51
2013-08-21,10.36,-24.55
2013-08-22,10.84,-25.29
2013-08-23,11.88,-24.49
2013-08-24,13.88,-23.84
2013-08-25,12.77,-25.32
2013-08-26,8.01,-25.98
2013-08-27,11.10,-24.32
2013-08-28,13.15,-25.45
2013-08-29,11.71,-25.72
2013-08-30,14.06,-25.68
2013-08-31,11.17,-26.05
2013-09-01,10.16,-25.11
2013-09-02,10.70,-25.75
2013-09-03,10.43,-25.48
2013-09-04,13.52,-23.95
2013-09-05,16.03,-26.14
2013-09-06,12.98,-26.54
2013-09-07,11.85,-26.15
2013-09-08,10.70,-26.85
2013-09-09,11.11,-26.28
2013-09-10,11.58,-25.44
2013-09-11,11.71,-25.68
2013-09-12,10.40,-24.61
2013-09-13,10.34,-24.46
2013-09-14,10.14,-25.49
2013-09-15,10.83,-25.36
2013-09-16,11.54,-25.96
2013-09-17,11.15,-26.23
2013-09-18,10.55,-25.01
2013-09-19,10.76,-25.71
2013-09-20,11.95,-25.00
2013-09-21,12.16,-26.17
2013-09-22,12.28,-23.57
2013-09-23,11.09,-26.67
2013-09-24,10.76,-24.67
2013-09-25,10.12,-25.87
2013-09-26,10.33,-26.15
2013-09-27,10.59,-25.88
2013-09-28,10.82,-25.70
2013-09-29,11.36,-25.40
2013-09-30,10.87,-25.32
2013-10-01,11.00,-25.69
2013-10-02,11.60,-24.45
2013-10-03,11.23,-24.88
2013-10-04,11.23,-26.36
2013-10-05,10.93,-25.80
2013-10-06,10.77,-25.17
2013-10-07,12.59,-25.00
2013-10-08,11.67,-24.90
2013-10-09,11.30,-26.25
2013-10-10,10.51,-25.35
2013-10-11,11.08,-25.86
2013-10-12,11.57,-25.13
2013-10-13,11.17,-25.48
2013-10-14,10.98,-25.28
2013-10-15,12.20,-25.42
2013-10-16,11.21,-25.69
2013-10-17,10.86,-25.47
2013-10-18,11.15,-24.92
2013-10-19,11.47,-24.96
2013-10-20,10.96,-25.36
2013-10-21,11.41,-25.61
2013-10-22,11.60,-25.33
2013-10-23,11.02,-25.26
2013-10-24,11.05,-25.28
2013-10-25,11.81,-25.22
2013-10-26,10.65,-25.21
2013-10-27,10.21,-24.72
2013-10-28,11.46,-26.41
2013-10-29,10.29,-26.10
2013-10-30,11.00,-25.67
2013-10-31,11.49,-24.69
2013-11-01,11.89,-24.78
2013-11-02,10.39,-24.85
2013-11-03,9.67,-25.23
2013-11-04,11.07,-25.31
2013-11-05,13.27,-25.92
2013-11-06,10.74,-25.92
2013-11-07,10.67,-24.83
2013-11-08,10.75,-25.20
2013-11-09,10.58,-25.41
2013-11-10,10.82,-25.13
2013-11-11,11.35,-24.92
2013-11-12,10.94,-24.19
2013-11-13,11.03,-24.72
2013-11-14,9.66,-25.62
2013-11-15,10.11,-25.46
2013-11-16,11.19,-25.22
2013-11-17,10.69,-25.29
2013-11-18,11.12,-24.43
2013-11-19,10.08,-25.02
2013-11-20,10.65,-25.61
2013-11-21,10.95,-25.15
2013-11-22,10.97,-25.01
2013-11-23,10.17,-24.04
2013-11-24,9.76,-25.67
2013-11-25,11.09,-24.44
2013-11-26,10.83,-24.93
2013-11-27,11.24,-24.35
2013-11-28,10.56,-24.42
2013-11-29,10.47,-24.79
2013-11-30,11.18,-25.60
2013-12-01,10.64,-25.91
2013-12-02,10.28,-26.34
2013-12-03,10.32,-25.71
2013-12-04,9.96,-26.12
2013-12-05,11.25,-26.24
2013-12-06,10.43,-25.53
2013-12-07,10.34,-24.99
2013-12-08,10.22,-24.25
2013-12-09,12.40,-25.83
2013-12-10,10.85,-24.62
2013-12-11,11.36,-25.20
2013-12-12,10.81,-25.98
2013-12-13,10.86,-26.52
2013-12-14,11.69,-24.00
2013-12-15,12.61,-25.26
2013-12-16,12.08,-25.92
2013-12-17,11.49,-25.72
2013-12-18,11.58,-25.36
2013-12-19,11.85,-26.24
2013-12-20,12.84,-25.21
2013-12-21,12.76,-25.32
2013-12-22,11.83,-25.54
2013-12-23,11.81,-25.51
2013-12-24,12.44,-25.70
2013-12-25,11.68,-25.69
2013-12-26,11.62,-25.59
2013-12-27,11.89,-24.94
2013-12-28,11.18,-25.62
2013-12-29,9.80,-26.02
2013-12-30,10.77,-25.49
2013-12-31,11.02,-25.91
2014-01-01,11.85,-25.46
2014-01-02,10.82,-25.79
2014-01-03,10.73,-25.84
2014-01-04,12.07,-26.10
2014-01-05,11.45,-26.11
2014-01-06,11.60,-25.98
2014-01-07,11.42,-25.15
2014-01-08,11.19,-25.86
2014-01-09,11.37,-26.47
2014-01-10,11.08,-25.88
2014-01-11,11.86,-26.13
2014-01-12,13.32,-26.56
2014-01-13,11.61,-26.25
2014-01-14,11.00,-25.56
2014-01-15,10.96,-24.90
2014-01-16,11.49,-25.09
2014-01-17,11.69,-25.61
2014-01-18,11.59,-26.04
2014-01-19,11.64,-26.12
2014-01-20,10.64,-25.61
2014-01-21,11.53,-25.55
2014-01-22,11.60,-26.49
2014-01-23,11.05,-26.46
2014-01-24,12.79,-25.91
2014-01-25,11.50,-26.28
2014-01-26,11.76,-25.81
2014-01-27,11.93,-25.65
2014-01-28,10.93,-25.19
2014-01-29,11.61,-25.92
2014-01-30,12.19,-26.18
2014-01-31,11.24,-26.39
2014-02-01,10.99,-25.97
2014-02-02,11.84,-26.24
2014-02-03,12.48,-26.63
2014-02-04,10.97,-26.03
2014-02-05,11.41,-26.17
2014-02-06,10.93,-25.71
2014-02-07,10.85,-25.49
2014-02-08,10.90,-25.58
2014-02-09,10.76,-25.80
2014-02-10,11.71,-26.36
2014-02-11,11.62,-26.25
2014-02-12,11.51,-26.27
2014-02-13,11.69,-26.03
2014-02-14,11.76,-25.97
2014-02-15,11.72,-26.11
2014-02-16,11.40,-25.78
2014-02-17,11.55,-25.96
2014-02-18,11.00,-25.98
2014-02-19,10.67,-25.88
2014-02-20,10.99,-26.45
2014-02-21,11.45,-25.83
2014-02-22,12.26,-25.86
2014-02-23,11.29,-26.06
2014-02-24,10.40,-26.39
2014-02-25,11.46,-26.54
2014-02-26,11.98,-26.76
2014-02-27,13.17,-26.27
2014-02-28,10.82,-26.87
2014-03-01,11.67,-26.06
2014-03-02,10.56,-26.45
2014-03-03,11.53,-25.90
2014-03-04,11.34,-27.04
2014-03-05,11.01,-26.56
2014-03-06,11.50,-26.73
2014-03-07,11.99,-26.51
2014-03-08,12.06,-25.79
2014-03-09,12.33,-25.54
2014-03-10,11.29,-27.22
2014-03-11,10.68,-24.88
2014-03-12,10.56,-26.86
2014-03-13,12.26,-25.90
2014-03-14,12.26,-26.19
2014-03-15,12.66,-26.23
2014-03-16,11.16,-26.16
2014-03-17,10.87,-26.87
2014-03-18,11.61,-26.63
2014-03-19,12.33,-25.88
2014-03-20,12.69,-27.25
2014-03-21,11.59,-26.42
2014-03-22,11.15,-26.86
2014-03-23,11.68,-27.45
2014-03-24,12.14,-25.22
2014-03-25,11.97,-26.42
2014-03-26,11.94,-26.75
2014-03-27,10.48,-26.78
2014-03-28,11.45,-25.90
2014-03-29,12.75,-25.50
2014-03-30,10.18,-25.87
2014-03-31,11.13,-25.91
2014-04-01,11.50,-24.45
2014-04-02,11.06,-25.97
2014-04-03,11.68,-25.91
2014-04-04,13.16,-26.88
2014-04-05,11.09,-26.30
2014-04-06,10.71,-24.06
2014-04-07,12.19,-26.19
2014-04-08,11.89,-26.27
2014-04-09,12.16,-25.34
2014-04-10,10.71,-26.44
2014-04-11,12.17,-25.91
2014-04-12,12.31,-26.42
2014-04-13,11.91,-26.93
2014-04-14,11.26,-26.16
2014-04-15,11.97,-26.05
2014-04-16,10.99,-25.33
2014-04-17,10.60,-26.24
2014-04-18,11.59,-26.76
2014-04-19,12.16,-26.20
2014-04-20,12.63,-27.58
2014-04-21,11.55,-26.13
2014-04-22,10.65,-25.59
2014-04-23,11.37,-26.13
2014-04-24,11.59,-27.54
2014-04-25,12.98,-27.12
2014-04-26,11.98,-27.05
2014-04-27,10.86,-27.21
2014-04-28,12.56,-26.92
2014-04-29,11.72,-27.41
2014-04-30,12.11,-26.87
2014-05-01,13.36,-26.31
2014-05-02,11.79,-26.66
2014-05-03,11.55,-26.65
2014-05-04,10.55,-27.33
2014-05-05,11.58,-27.29
2014-05-06,11.18,-28.13
2014-05-07,12.51,-26.34
2014-05-08,12.44,-26.58
2014-05-09,12.53,-28.18
2014-05-10,13.56,-27.33
2014-05-11,11.26,-27.68
2014-05-12,12.49,-26.69
2014-05-13,13.09,-27.21
2014-05-14,12.04,-26.59
2014-05-15,12.62,-26.56
2014-05-16,12.45,-26.80
2014-05-17,12.41,-27.29
2014-05-18,12.87,-27.54
2014-05-19,12.08,-27.52
2014-05-20,11.28,-27.75
2014-05-21,12.48,-26.90
2014-05-22,12.27,-28.31
2014-05-23,13.59,-27.70
2014-05-24,12.03,-28.20
2014-05-25,12.76,-27.58
2014-05-26,12.99,-27.41
2014-05-27,13.52,-27.47
2014-05-28,13.63,-28.27
2014-05-29,13.38,-27.99
2014-05-30,13.02,-27.82
2014-05-31,11.92,-28.27
2014-06-01,12.87,-28.34
2014-06-02,13.06,-27.07
2014-06-03,13.63,-27.67
2014-06-04,12.77,-28.12
2014-06-05,12.26,-28.32
2014-06-06,12.90,-28.20
2014-06-07,13.66,-28.18
2014-06-08,12.33,-27.46
2014-06-09,12.81,-27.92
2014-06-10,13.12,-27.63
2014-06-11,12.84,-27.42
2014-06-12,13.03,-28.83
2014-06-13,12.19,-27.70
2014-06-14,12.71,-27.84
2014-06-15,13.23,-27.96
2014-06-16,11.84,-28.49
2014-06-17,13.56,-28.47
2014-06-18,12.14,-28.59
2014-06-19,12.58,-27.53
2014-06-20,12.01,-28.02
2014-06-21,11.63,-28.25
2014-06-22,13.43,-29.04
2014-06-23,12.31,-27.87
2014-06-24,11.89,-28.35
2014-06-25,11.75,-27.90
2014-06-26,12.36,-27.88
2014-06-27,11.52,-27.29
2014-06-28,14.18,-28.78
2014-06-29,13.01,-27.91
2014-06-30,11.54,-28.60
2014-07-01,12.48,-27.31
2014-07-02,13.52,-30.25
2014-07-03,11.97,-29.31
2014-07-04,12.53,-29.58
2014-07-05,13.08,-27.50
2014-07-06,12.12,-27.68
2014-07-07,13.23,-26.97
2014-07-08,12.47,-28.82
2014-07-09,13.09,-28.03
2014-07-10,12.65,-27.79
2014-07-11,12.93,-29.01
2014-07-12,11.78,-28.73
2014-07-13,11.43,-28.67
2014-07-14,11.47,-29.94
2014-07-15,12.66,-28.98
2014-07-16,14.47,-29.06
2014-07-17,12.63,-28.46
2014-07-18,12.55,-28.44
2014-07-19,11.62,-28.22
2014-07-20,12.34,-30.34
2014-07-21,14.21,-27.98
2014-07-22,12.63,-30.01
2014-07-23,12.50,-28.21
2014-07-24,12.09,-29.33
2014-07-25,11.92,-29.28
2014-07-26,11.51,-29.04
2014-07-27,12.29,-29.06
2014-07-28,9.65,-29.42
2014-07-29,11.95,-28.80
2014-07-30,12.00,-29.13
2014-07-31,11.37,-28.72
2014-08-01,11.74,-28.36
2014-08-02,11.97,-28.37
2014-08-03,12.52,-28.21
2014-08-04,10.77,-28.72
2014-08-05,11.00,-29.44
2014-08-06,11.32,-28.28
2014-08-07,12.45,-28.01
2014-08-08,10.29,-29.08
2014-08-09,12.98,-27.78
2014-08-10,11.70,-28.39
2014-08-11,11.60,-28.19
2014-08-12,11.09,-28.97
2014-08-13,11.13,-29.42
2014-08-14,11.86,-27.63
2014-08-15,12.15,-29.78
2014-08-16,12.40,-28.43
2014-08-17,12.41,-28.58
2014-08-18,13.57,-29.72
2014-08-19,13.00,-30.45
2014-08-20,12.97,-28.97
2014-08-21,14.13,-28.16
2014-08-22,12.41,-28.36
2014-08-23,12.80,-28.76
2014-08-24,12.35,-29.26
2014-08-25,11.64,-29.34
2014-08-26,12.36,-29.43
2014-08-27,13.78,-28.48
2014-08-28,13.16,-28.76
2014-08-29,12.62,-29.20
2014-08-30,13.75,-29.08
2014-08-31,12.48,-30.02
2014-09-01,11.71,-29.30
2014-09-02,12.26,-29.06
2014-09-03,12.52,-28.24
2014-09-04,12.44,-28.80
2014-09-05,12.30,-28.73
2014-09-06,13.38,-27.95
2014-09-07,12.00,-29.51
2014-09-08,12.64,-28.88
2014-09-09,12.43,-28.01
2014-09-10,12.41,-28.34
2014-09-11,11.54,-28.24
2014-09-12,12.90,-28.48
2014-09-13,12.39,-28.17
2014-09-14,11.54,-28.82
2014-09-15,12.67,-28.06
2014-09-16,11.64,-27.40
2014-09-17,12.16,-29.36
2014-09-18,14.26,-29.62
2014-09-19,12.43,-28.36
2014-09-20,13.21,-28.41
2014-09-21,12.34,-26.99
2014-09-22,11.85,-28.56
2014-09-23,12.48,-28.58
2014-09-24,12.15,-29.03
2014-09-25,13.40,-27.11
2014-09-26,15.90,-27.41
2014-09-27,12.33,-30.00
2014-09-28,13.44,-29.27
2014-09-29,12.96,-28.59
2014-09-30,12.07,-27.99
2014-10-01,12.91,-28.06
2014-10-02,13.31,-28.06
2014-10-03,12.90,-28.42
2014-10-04,13.27,-28.10
2014-10-05,12.51,-28.72
2014-10-06,13.35,-28.73
2014-10-07,12.46,-27.72
2014-10-08,13.11,-27.71
2014-10-09,13.67,-28.61
2014-10-10,12.69,-28.69
2014-10-11,12.25,-28.90
2014-10-12,13.65,-29.52
2014-10-13,13.43,-28.95
2014-10-14,12.98,-28.64
2014-10-15,13.37,-28.83
2014-10-16,11.11,-28.80
2014-10-17,12.12,-28.49
2014-10-18,11.99,-28.37
2014-10-19,12.21,-28.80
2014-10-20,11.46,-28.93
2014-10-21,11.79,-28.77
2014-10-22,11.95,-28.74
2014-10-23,12.17,-28.36
2014-10-24,12.58,-29.14
2014-10-25,13.45,-28.86
2014-10-26,12.46,-28.48
2014-10-27,11.80,-28.56
2014-10-28,12.65,-28.45
2014-10-29,13.61,-29.36
2014-10-30,12.29,-29.45
2014-10-31,13.88,-27.92
2014-11-01,7.83,-27.13
2014-11-02,12.52,-28.62
2014-11-03,13.52,-27.94
2014-11-04,11.95,-28.98
2014-11-05,11.77,-28.65
2014-11-06,12.31,-28.22
2014-11-07,12.09,-27.89
2014-11-08,12.58,-28.39
2014-11-09,12.17,-28.91
2014-11-10,11.54,-29.39
2014-11-11,12.03,-28.94
2014-11-12,11.88,-28.32
2014-11-13,13.08,-27.69
2014-11-14,12.80,-28.47
2014-11-15,12.00,-29.28
2014-11-16,13.63,-30.30
2014-11-17,12.35,-28.14
2014-11-18,12.69,-27.79
2014-11-19,13.69,-27.95
2014-11-20,13.38,-28.64
2014-11-21,13.04,-29.46
2014-11-22,13.24,-28.99
2014-11-23,13.60,-29.93
2014-11-24,13.42,-28.38
2014-11-25,13.19,-28.71
2014-11-26,12.82,-28.91
2014-11-27,12.94,-27.97
2014-11-28,13.17,-28.75
2014-11-29,13.53,-29.52
2014-11-30,13.54,-29.61
2014-12-01,13.13,-28.77
2014-12-02,12.28,-29.20
2014-12-03,17.85,-27.22
2014-12-04,13.29,-28.72
2014-12-05,13.44,-28.60
2014-12-06,12.65,-28.70
2014-12-07,12.92,-28.06
2014-12-08,13.18,-28.27
2014-12-09,13.17,-28.34
2014-12-10,13.54,-28.59
2014-12-11,14.29,-30.15
2014-12-12,11.12,-28.51
2014-12-13,13.10,-28.25
2014-12-14,14.45,-28.48
2014-12-15,12.91,-28.64
2014-12-16,13.63,-27.80
2014-12-17,13.27,-29.48
2014-12-18,13.81,-28.86
2014-12-19,14.03,-28.85
2014-12-20,13.58,-27.96
2014-12-21,13.00,-28.09
2014-12-22,13.73,-28.61
2014-12-23,11.22,-29.80
2014-12-24,14.49,-28.63
2014-12-25,14.46,-28.36
2014-12-26,12.02,-28.08
2014-12-27,12.73,-29.07
2014-12-28,13.52,-29.14
2014-12-29,14.23,-28.22
2014-12-30,14.38,-28.78
2014-12-31,14.56,-28.84
2015-01-01,14.25,-29.01
2015-01-02,14.69,-28.66
2015-01-03,13.92,-28.98
2015-01-04,14.17,-28.55
2015-01-06,13.17,-28.17
2015-01-07,13.39,-28.45
2015-01-08,14.37,-28.46
2015-01-09,13.74,-28.58
2015-01-10,13.70,-28.74
2015-01-11,13.08,-29.74
2015-01-12,12.90,-28.78
2015-01-13,12.52,-27.30
2015-01-14,14.09,-28.23
2015-01-15,13.45,-29.49
2015-01-16,13.07,-29.57
2015-01-17,12.84,-28.83
2015-01-18,13.05,-29.34
2015-01-19,12.98,-28.72
2015-01-20,13.09,-28.28
2015-01-21,13.24,-29.30
2015-01-22,13.02,-29.20
2015-01-23,13.06,-30.09
2015-01-24,12.12,-29.91
2015-01-25,12.24,-28.69
2015-01-26,12.79,-29.32
2015-01-27,13.92,-28.86
2015-01-28,12.41,-28.72
2015-01-29,12.28,-29.29
2015-01-30,12.67,-29.15
2015-01-31,13.28,-29.32
2015-02-01,12.00,-29.69
2015-02-02,12.48,-28.82
2015-02-03,12.06,-29.68
2015-02-04,12.32,-29.20
2015-02-05,12.91,-29.33
2015-02-06,14.84,-28.42
2015-02-07,14.02,-29.99
2015-02-08,12.23,-28.87
2015-02-09,12.77,-28.77
2015-02-10,13.30,-29.58
2015-02-11,12.55,-29.58
2015-02-12,12.51,-29.04
2015-02-13,12.80,-29.43
2015-02-14,12.79,-29.00
2015-02-15,13.15,-28.79
2015-02-16,12.31,-29.02
2015-02-17,11.86,-28.89
2015-02-18,12.44,-29.72
2015-02-19,12.55,-29.59
2015-02-20,12.48,-29.36
2015-02-21,13.14,-29.66
2015-02-22,13.30,-30.37
2015-02-23,13.79,-29.84
2015-02-24,12.51,-30.35
2015-02-25,14.41,-29.15
2015-02-26,13.31,-29.35
2015-02-27,13.11,-29.16
2015-02-28,13.30,-29.15
2015-03-01,12.39,-28.96
2015-03-02,14.12,-28.70
2015-03-03,13.38,-29.31
2015-03-04,13.76,-28.99
2015-03-05,13.74,-28.89
2015-03-06,13.04,-29.44
2015-03-07,14.24,-28.79
2015-03-08,13.43,-29.46
2015-03-09,13.25,-30.14
2015-03-10,13.60,-29.81
2015-03-11,14.45,-29.43
2015-03-12,13.60,-29.63
2015-03-13,13.79,-29.98
2015-03-14,13.72,-29.19
2015-03-15,13.62,-29.56
2015-03-16,13.00,-29.37
2015-03-17,15.17,-29.53
2015-03-18,12.77,-28.38
2015-03-19,12.36,-29.39
2015-03-20,13.00,-29.68
2015-03-21,13.87,-30.20
2015-03-22,12.40,-28.60
2015-03-23,13.18,-28.80
2015-03-24,12.74,-29.37
2015-03-25,13.16,-30.19
2015-03-26,13.20,-29.18
2015-03-27,13.88,-28.95
2015-03-28,13.01,-28.36
2015-03-29,13.03,-28.58
2015-03-30,13.37,-28.54
2015-03-31,13.42,-29.06
2015-04-01,13.24,-29.82
2015-04-02,14.05,-29.55
2015-04-03,13.39,-28.81
2015-04-04,12.78,-28.92
2015-04-05,13.50,-30.14
2015-04-06,14.02,-29.41
2015-04-07,13.20,-29.98
2015-04-08,13.03,-29.89
2015-04-09,12.54,-28.90
2015-04-10,12.40,-30.00
2015-04-11,11.98,-29.63
2015-04-12,12.96,-29.35
2015-04-13,13.52,-28.77
2015-04-14,14.70,-29.80
2015-04-15,12.77,-29.22
2015-04-16,12.74,-28.49
2015-04-17,11.59,-29.39
2015-04-18,13.04,-29.27
2015-04-19,13.03,-29.90
2015-04-20,13.00,-30.53
2015-04-21,12.39,-29.60
2015-04-22,13.44,-27.69
2015-04-23,12.95,-28.73
2015-04-24,13.40,-29.66
2015-04-25,12.77,-29.25
2015-04-26,11.37,-28.63
2015-04-27,12.34,-29.09
2015-04-28,13.51,-29.42
2015-04-29,12.46,-29.89
2015-04-30,14.79,-30.16
2015-05-01,13.94,-29.57
2015-05-02,14.76,-29.17
2015-05-03,14.09,-29.27
2015-05-04,14.73,-29.51
2015-05-05,15.33,-29.73
2015-05-06,14.63,-30.98
2015-05-07,14.87,-30.11
2015-05-08,13.33,-29.09
2015-05-09,13.39,-29.15
2015-05-10,14.39,-30.19
2015-05-11,15.62,-29.76
2015-05-12,15.39,-28.70
2015-05-13,13.68,-29.74
2015-05-14,17.94,-30.24
2015-05-15,14.79,-29.41
2015-05-16,14.34,-29.16
2015-05-17,15.41,-30.84
2015-05-18,14.99,-30.46
2015-05-19,15.34,-29.57
2015-05-20,14.64,-29.56
2015-05-21,14.40,-30.16
2015-05-22,14.08,-31.41
2015-05-23,14.60,-29.93
2015-05-24,14.77,-29.82
2015-05-25,14.62,-31.57
2015-05-26,15.25,-30.56
2015-05-27,15.06,-31.41
2015-05-28,15.96,-30.30
2015-05-29,13.89,-30.51
2015-05-30,12.85,-29.97
2015-05-31,14.75,-29.94
2015-06-01,15.12,-31.15
2015-06-02,14.69,-31.49
2015-06-03,14.75,-30.87
2015-06-04,14.22,-31.37
2015-06-05,14.11,-30.76
2015-06-06,13.91,-31.49
2015-06-07,14.78,-30.40
2015-06-08,13.93,-30.53
2015-06-09,14.02,-31.06
2015-06-10,13.47,-31.10
2015-06-11,13.87,-30.20
2015-06-12,13.35,-30.80
2015-06-13,12.43,-30.65
2015-06-14,13.61,-30.08
2015-06-15,14.57,-31.01
2015-06-16,15.52,-30.66
2015-06-17,14.50,-30.96
2015-06-18,14.31,-30.47
2015-06-19,15.66,-31.41
2015-06-20,13.99,-30.91
2015-06-21,13.85,-30.70
2015-06-22,14.13,-31.20
2015-06-23,14.57,-31.16
2015-06-24,14.73,-31.75
2015-06-25,14.49,-31.82
2015-06-26,13.48,-31.86
2015-06-27,14.63,-31.43
2015-06-28,14.02,-30.50
2015-06-29,15.45,-30.90
2015-06-30,14.27,-30.48
2015-07-01,14.30,-31.68
2015-07-02,14.23,-31.28
2015-07-03,15.10,-30.62
2015-07-04,13.98,-30.82
2015-07-05,12.72,-30.59
2015-07-06,14.16,-30.93
2015-07-07,14.26,-31.29
2015-07-08,15.09,-31.83
2015-07-09,13.19,-31.64
2015-07-10,14.08,-31.24
2015-07-11,14.46,-31.03
2015-07-12,13.69,-31.03
2015-07-13,12.77,-33.14
2015-07-14,13.72,-30.84
2015-07-15,14.03,-30.54
2015-07-16,14.04,-30.66
2015-07-17,15.12,-31.25
2015-07-18,13.33,-30.34
2015-07-19,13.23,-30.88
2015-07-20,14.79,-31.21
2015-07-21,13.74,-31.27
2015-07-22,14.01,-31.28
2015-07-23,12.27,-29.96
2015-07-24,14.08,-32.12
2015-07-25,13.83,-31.63
2015-07-26,13.48,-31.19
2015-07-27,14.11,-31.67
2015-07-28,13.01,-31.21
2015-07-29,14.54,-30.74
2015-07-30,13.13,-28.42
2015-07-31,13.89,-30.83
2015-08-01,13.55,-31.29
2015-08-02,14.62,-31.80
2015-08-03,14.51,-31.75
2015-08-04,13.37,-31.85
2015-08-05,12.98,-31.71
2015-08-06,13.41,-31.14
2015-08-07,14.02,-30.91
2015-08-08,13.49,-31.79
2015-08-09,13.81,-31.32
2015-08-10,14.87,-30.58
2015-08-11,14.11,-31.39
2015-08-12,13.59,-30.09
2015-08-13,14.34,-31.78
2015-08-14,16.92,-33.87
2015-08-15,14.08,-31.64
2015-08-16,13.95,-32.07
2015-08-17,13.74,-31.83
2015-08-18,14.01,-33.01
2015-08-19,13.91,-32.58
2015-08-20,13.61,-32.51
2015-08-21,13.92,-31.49
2015-08-22,14.00,-32.40
2015-08-23,13.33,-32.81
2015-08-24,14.67,-31.61
2015-08-25,14.34,-32.29
2015-08-26,13.77,-32.06
2015-08-27,12.83,-30.68
2015-08-28,14.15,-31.69
2015-08-29,14.74,-33.15
2015-08-30,14.65,-33.20
2015-08-31,14.87,-32.21
2015-09-01,14.70,-32.18
2015-09-02,14.45,-32.58
2015-09-03,14.30,-31.81
2015-09-04,14.39,-32.52
2015-09-05,12.58,-32.53
2015-09-06,14.00,-32.74
2015-09-07,13.61,-32.38
2015-09-08,12.77,-32.32
2015-09-09,12.31,-32.06
2015-09-10,13.48,-31.84
2015-09-11,14.77,-31.89
2015-09-12,13.83,-30.76
2015-09-13,13.56,-31.35
2015-09-14,14.82,-32.74
2015-09-15,13.93,-31.67
2015-09-16,17.72,-30.51
2015-09-17,13.73,-31.70
2015-09-18,13.66,-31.63
2015-09-19,13.43,-31.72
2015-09-20,14.19,-31.30
2015-09-21,12.48,-32.16
2015-09-22,13.90,-31.58
2015-09-23,13.26,-32.26
2015-09-24,14.10,-31.74
2015-09-25,14.38,-32.26
2015-09-26,15.05,-31.27
2015-09-27,13.86,-32.22
2015-09-28,12.77,-33.37
2015-09-29,13.76,-32.98
2015-09-30,14.55,-32.62
2015-10-01,15.92,-32.80
2015-10-02,12.92,-33.10
2015-10-03,14.26,-31.55
2015-10-04,12.93,-34.04
2015-10-05,13.81,-32.78
2015-10-06,13.17,-32.28
2015-10-07,12.52,-33.18
2015-10-08,13.06,-31.96
2015-10-09,15.12,-32.05
2015-10-10,13.87,-32.63
2015-10-11,14.22,-32.72
2015-10-12,13.39,-31.31
2015-10-13,13.01,-31.92
2015-10-14,12.13,-32.43
2015-10-15,13.23,-33.68
2015-10-16,13.10,-32.39
2015-10-17,15.18,-32.22
2015-10-18,14.69,-31.70
2015-10-19,14.33,-31.61
2015-10-20,12.51,-32.90
2015-10-21,13.93,-33.28
2015-10-22,13.97,-31.32
2015-10-23,13.68,-31.41
2015-10-24,14.38,-31.74
2015-10-25,13.57,-32.00
2015-10-26,13.55,-32.09
2015-10-27,14.13,-31.94
2015-10-28,14.13,-33.21
2015-10-29,16.02,-31.23
2015-10-30,11.55,-30.98
2015-10-31,13.58,-31.40
2015-11-01,14.19,-31.92
2015-11-02,14.24,-32.68
2015-11-03,12.07,-32.44
2015-11-04,13.85,-32.21
2015-11-05,13.79,-31.90
2015-11-06,13.58,-32.68
2015-11-07,13.31,-31.69
2015-11-08,14.53,-32.13
2015-11-09,16.75,-33.13
2015-11-10,14.07,-31.77
2015-11-11,14.00,-32.26
2015-11-12,14.08,-31.99
2015-11-13,14.11,-31.75
2015-11-14,14.20,-31.88
2015-11-15,15.01,-31.54
2015-11-16,16.85,-31.71
2015-11-17,16.42,-30.66
2015-11-18,14.40,-33.01
2015-11-19,14.99,-34.16
2015-11-20,14.60,-32.45
2015-11-21,14.65,-31.54
2015-11-22,15.83,-31.77
2015-11-23,16.14,-31.64
2015-11-24,15.26,-31.54
2015-11-25,15.36,-31.44
2015-11-26,14.57,-33.05
2015-11-27,15.29,-32.06
2015-11-28,16.40,-32.16
2015-11-29,15.36,-32.44
2015-11-30,14.60,-32.25
2015-12-01,14.70,-32.91
2015-12-02,14.35,-32.42
2015-12-03,14.96,-31.46
2015-12-04,16.21,-32.37
2015-12-05,14.70,-31.73
2015-12-06,13.97,-31.60
2015-12-07,13.80,-31.87
2015-12-08,14.30,-32.00
2015-12-09,16.30,-31.89
2015-12-10,14.89,-32.08
2015-12-11,14.46,-31.58
2015-12-12,15.52,-32.25
2015-12-13,14.68,-31.99
2015-12-14,13.61,-32.46
2015-12-15,15.68,-30.34
2015-12-16,14.70,-31.78
2015-12-17,14.32,-31.52
2015-12-18,15.12,-32.60
2015-12-19,16.38,-31.05
2015-12-20,15.55,-31.77
2015-12-21,15.10,-31.79
2015-12-22,15.10,-32.70
2015-12-23,14.43,-32.84
2015-12-24,14.94,-32.26
2015-12-25,14.66,-31.58
2015-12-26,11.75,-32.95
2015-12-27,14.25,-31.67
2015-12-28,13.82,-32.25
2015-12-29,15.22,-31.24
2015-12-30,14.61,-32.23
2015-12-31,15.75,-31.77
2016-01-01,14.81,-32.18
2016-01-02,13.38,-31.03
2016-01-03,15.36,-32.31
2016-01-04,14.60,-31.41
2016-01-05,15.67,-32.05
2016-01-06,14.73,-32.48
2016-01-07,15.36,-31.02
2016-01-08,14.22,-31.89
2016-01-09,14.61,-31.86
2016-01-10,14.51,-31.73
2016-01-11,13.89,-31.71
2016-01-12,14.20,-31.14
2016-01-13,14.07,-32.06
2016-01-14,14.60,-32.16
2016-01-15,14.82,-32.41
2016-01-16,14.27,-33.53
2016-01-17,14.17,-31.76
2016-01-18,15.14,-32.13
2016-01-19,15.19,-31.54
2016-01-20,15.74,-32.07
2016-01-21,14.69,-32.36
2016-01-22,13.51,-32.58
2016-01-23,13.81,-32.91
2016-01-24,12.87,-32.82
2016-01-25,15.46,-32.35
2016-01-26,15.73,-33.10
2016-01-27,15.10,-32.99
2016-01-28,15.24,-33.36
2016-01-29,15.10,-33.06
2016-01-30,16.22,-33.39
2016-01-31,16.83,-33.49
2016-02-01,14.52,-33.36
2016-02-02,15.36,-33.31
2016-02-03,14.05,-32.45
2016-02-04,14.13,-32.18
2016-02-05,15.25,-32.28
2016-02-06,15.09,-31.92
2016-02-07,15.57,-32.45
2016-02-08,15.31,-32.42
2016-02-09,15.59,-32.35
2016-02-10,14.94,-31.73
2016-02-11,15.93,-33.13
2016-02-12,15.98,-32.82
2016-02-13,14.36,-32.92
2016-02-14,14.93,-32.99
2016-02-15,17.20,-32.65
2016-02-16,14.96,-33.14
2016-02-17,15.81,-33.17
2016-02-18,15.14,-30.53
2016-02-19,14.74,-32.86
2016-02-20,15.48,-31.99
2016-02-21,15.15,-32.05
2016-02-22,14.60,-33.14
2016-02-23,15.15,-32.67
2016-02-24,15.15,-32.87
2016-02-25,15.62,-31.74
2016-02-26,15.79,-31.57
2016-02-27,15.74,-33.44
2016-02-28,14.52,-32.99
2016-02-29,15.23,-32.30
2016-03-01,15.87,-32.18
2016-03-02,14.87,-32.40
2016-03-03,14.58,-32.89
2016-03-04,14.75,-32.96
2016-03-05,15.16,-32.18
2016-03-06,15.20,-32.85
2016-03-07,15.28,-32.68
2016-03-08,15.67,-32.42
2016-03-09,15.08,-32.58
2016-03-10,15.42,-32.36
2016-03-11,15.90,-30.97
2016-03-12,14.67,-32.81
2016-03-13,15.53,-32.10
2016-03-14,15.19,-32.11
2016-03-15,14.26,-32.57
2016-03-16,15.11,-32.53
2016-03-17,14.59,-32.21
2016-03-18,16.11,-32.09
2016-03-19,15.14,-32.06
2016-03-20,14.93,-32.38
2016-03-21,15.07,-32.58
2016-03-22,14.60,-32.99
2016-03-23,15.53,-32.33
2016-03-24,15.09,-32.39
2016-03-25,15.56,-32.83
2016-03-26,14.01,-32.47
2016-03-27,15.10,-32.99
2016-03-28,14.15,-32.52
2016-03-29,13.71,-32.67
2016-03-30,13.90,-32.12
2016-03-31,14.17,-31.88
2016-04-01,15.09,-32.23
2016-04-02,14.94,-32.23
2016-04-03,14.72,-32.20
2016-04-04,16.42,-32.64
2016-04-05,14.47,-33.62
2016-04-06,15.51,-32.81
2016-04-07,15.53,-32.97
2016-04-08,14.91,-33.59
2016-04-09,15.63,-32.93
2016-04-10,14.95,-32.84
2016-04-11,16.57,-33.23
2016-04-12,15.32,-33.11
2016-04-13,14.49,-33.64
2016-04-14,15.35,-33.06
2016-04-15,16.57,-34.67
2016-04-16,14.87,-32.98
2016-04-17,16.96,-32.99
2016-04-18,15.34,-33.36
2016-04-19,15.48,-33.37
2016-04-20,15.52,-33.12
2016-04-21,15.65,-32.34
2016-04-22,16.38,-32.33
2016-04-23,13.24,-31.94
2016-04-24,15.14,-33.59
2016-04-25,14.98,-34.13
2016-04-26,16.84,-34.06
2016-04-27,16.09,-33.07
2016-04-28,15.50,-33.27
2016-04-29,18.11,-32.72
2016-04-30,14.38,-33.89
2016-05-01,17.46,-34.02
2016-05-02,17.23,-33.55
2016-05-03,15.82,-32.44
2016-05-04,16.21,-33.51
2016-05-05,14.39,-33.88
2016-05-06,15.65,-32.13
2016-05-07,15.93,-34.01
2016-05-08,14.99,-33.25
2016-05-09,15.89,-33.43
2016-05-10,14.41,-33.35
2016-05-11,15.45,-33.46
2016-05-12,15.81,-32.47
2016-05-13,15.79,-32.21
2016-05-14,15.42,-32.91
2016-05-15,16.12,-32.61
2016-05-16,15.36,-31.49
2016-05-17,13.76,-33.48
2016-05-18,15.87,-33.12
2016-05-19,17.33,-34.06
2016-05-20,17.33,-31.70
2016-05-21,15.00,-33.40
2016-05-22,15.24,-33.51
2016-05-23,14.89,-32.78
2016-05-24,14.65,-34.10
2016-05-25,17.04,-32.95
2016-05-26,15.37,-32.37
2016-05-27,16.14,-32.90
2016-05-28,15.45,-33.31
2016-05-29,15.72,-33.22
2016-05-30,14.90,-33.71
2016-05-31,16.40,-33.22
2016-06-01,15.73,-33.14
2016-06-02,16.13,-33.60
2016-06-03,16.91,-33.32
2016-06-04,16.08,-33.81
2016-06-05,15.83,-33.37
2016-06-06,15.50,-33.86
2016-06-07,16.38,-32.47
2016-06-08,15.04,-33.23
2016-06-09,14.62,-34.84
2016-06-10,18.85,-34.25
2016-06-11,17.94,-33.44
2016-06-12,16.26,-32.66
2016-06-13,15.56,-33.04
2016-06-14,15.67,-33.49
2018-06-03,17.96,-40.29
2018-06-04,18.69,-39.52
2018-06-05,18.99,-40.11
2018-06-06,19.00,-40.36
2018-06-07,19.61,-40.02
2018-06-08,17.97,-39.60
2018-06-09,19.08,-39.39
2018-06-10,18.22,-40.04
2018-06-11,18.61,-40.33
2018-06-12,18.73,-39.96
2018-06-13,18.39,-39.61
2018-06-14,18.14,-40.56
2018-06-15,17.88,-40.32
2018-06-16,18.23,-40.15
2018-06-17,19.57,-40.11
2018-06-18,19.57,-39.91
2018-06-19,18.98,-39.69
2018-06-20,19.10,-39.49
2018-06-21,18.50,-38.90
2018-06-22,19.00,-41.01
2018-06-23,18.32,-40.40
2018-06-24,19.14,-39.70
2018-06-25,18.98,-39.32
2018-06-26,18.64,-39.61
2018-06-27,19.13,-39.76
2018-06-28,19.44,-40.17
2018-06-29,18.83,-40.40
2018-06-30,19.86,-40.37
2018-07-01,18.45,-40.59
2018-07-02,17.22,-40.04
2018-07-03,18.51,-39.03
2018-07-04,19.72,-40.20
2018-07-05,18.78,-40.56
2018-07-06,18.48,-40.43
2018-07-07,19.76,-40.79
2018-07-08,19.02,-41.07
2018-07-09,17.45,-39.85
2018-07-10,16.86,-40.99
2018-07-11,19.73,-40.15
2018-07-12,17.84,-40.62
2018-07-13,18.90,-40.66
2018-07-14,18.86,-40.50
2018-07-15,19.14,-40.58
2018-07-16,18.81,-40.53
2018-07-17,19.48,-40.89
2018-07-18,19.71,-40.19
2018-07-19,18.58,-40.42
2018-07-20,18.73,-37.38
2018-07-21,17.73,-39.89
2018-07-22,18.85,-40.22
2018-07-23,19.10,-40.50
2018-07-24,18.76,-40.75
2018-07-25,18.57,-40.07
2018-07-26,19.27,-40.96
2018-07-27,18.14,-41.51
2018-07-28,18.06,-40.50
2018-07-29,18.76,-41.07
2018-07-30,19.70,-41.18
2018-07-31,18.99,-41.05
2018-08-01,18.56,-41.41
2018-08-02,18.45,-41.78
2018-08-03,18.49,-39.72
2018-08-04,18.44,-41.38
2018-08-05,22.54,-40.36
2018-08-06,18.98,-40.04
2018-08-07,18.55,-41.08
2018-08-08,20.42,-41.48
2018-08-09,19.38,-40.95
2018-08-10,19.12,-40.56
2018-08-11,19.24,-41.05
2018-08-12,19.14,-42.06
2018-08-13,19.19,-41.30
2018-08-14,19.87,-39.98
2018-08-15,18.52,-40.25
2018-08-16,19.13,-41.46
2018-08-17,18.49,-42.88
2018-08-18,19.42,-40.69
2018-08-19,19.02,-41.48
2018-08-20,18.87,-40.33
2018-08-21,18.54,-41.06
2018-08-22,19.87,-42.53
2018-08-23,19.70,-40.76
2018-08-24,18.19,-41.05
2018-08-25,18.00,-40.74
2018-08-26,18.67,-40.16
2018-08-27,17.68,-40.11
2018-08-28,18.12,-41.02
2018-08-29,18.37,-40.70
2018-08-30,17.62,-40.48
2018-08-31,19.21,-40.74
2018-09-01,19.16,-41.06
2018-09-02,19.00,-40.16
2018-09-03,18.63,-41.14
2018-09-04,19.30,-41.46
2018-09-05,18.06,-41.29
2018-09-06,18.25,-41.01
2018-09-07,19.03,-40.77
2018-09-08,18.33,-41.99
2018-09-09,18.95,-40.81
2018-09-10,18.38,-40.51
2018-09-11,17.85,-40.78
2018-09-12,18.38,-40.12
2018-09-13,18.35,-40.07
2018-09-14,17.76,-40.72
2018-09-15,20.40,-41.72
2018-09-16,18.40,-39.82
2018-09-17,17.99,-40.34
2018-09-18,18.32,-40.29
2018-09-19,18.30,-39.98
2018-09-20,19.41,-40.25
2018-09-21,19.92,-40.81
2018-09-22,19.39,-40.91
2018-09-23,18.51,-41.64
2018-09-24,18.61,-39.90
2019-04-07,21.21,-41.94
2019-04-08,21.08,-42.92
2019-04-09,20.18,-41.15
2019-04-10,20.46,-43.65
2019-04-11,20.79,-42.37
2019-04-12,21.70,-43.21
2019-04-13,21.11,-43.22
2019-04-14,21.46,-42.92
2019-04-15,21.84,-42.62
2019-04-16,21.13,-43.14
2019-04-17,21.38,-41.60
2019-04-18,20.85,-42.21
2019-04-19,21.57,-42.04
2019-04-20,20.87,-42.98
2019-04-21,18.65,-44.07
2019-04-22,18.13,-44.37
2019-04-23,23.20,-41.75
2019-04-24,20.71,-42.52
2019-04-25,20.22,-43.28
2019-04-26,18.89,-42.98
2019-04-27,20.56,-42.74
2019-04-28,21.38,-42.88
2019-05-01,20.61,-42.27
2019-05-02,20.33,-42.76
2019-05-03,20.66,-42.83
2019-05-04,21.09,-42.47
2019-05-05,21.94,-43.24
2019-05-06,20.43,-43.20
2019-05-07,19.82,-44.20
2019-05-08,21.28,-43.26
2019-05-09,22.17,-43.59
2019-05-10,21.95,-43.82
2019-05-11,20.62,-43.32
2019-05-12,21.30,-43.20
2019-05-13,20.27,-42.46
2019-05-14,19.80,-43.33
2019-05-15,21.08,-43.20
2019-05-16,24.64,-46.04
2019-05-17,21.38,-43.02
2019-05-18,19.19,-43.02
2019-05-19,20.49,-42.64
2019-05-20,20.85,-42.80
2019-05-21,20.59,-42.96
2019-05-22,20.29,-43.40
2019-05-23,20.66,-42.46
2019-05-24,20.57,-42.87
2019-05-25,20.43,-42.93
2019-05-26,18.71,-42.76
2019-05-27,21.11,-42.70
2019-05-28,20.97,-43.29
2019-05-29,21.18,-42.18
2019-05-30,20.76,-43.28
2019-05-31,21.36,-42.01
2019-06-01,21.16,-42.67
2019-06-02,18.97,-43.37
2019-06-03,21.99,-43.26
2019-06-04,20.55,-42.87
2019-06-05,21.15,-44.36
2019-06-06,21.39,-42.62
2019-06-07,20.41,-43.48
2019-06-08,20.85,-43.16
2019-06-09,20.97,-43.01
2019-06-10,21.66,-43.07
2019-06-11,22.80,-42.20
2019-06-12,21.29,-43.31
2019-06-13,21.73,-41.94
2019-06-14,22.55,-43.58
2019-06-15,19.31,-43.08
2019-06-16,22.28,-44.58
2019-06-17,20.09,-43.39
2019-06-18,20.65,-42.40
2019-06-19,20.59,-42.79
2019-06-20,24.10,-45.33
2019-06-21,20.16,-45.15
2019-06-22,20.72,-43.13
2019-06-23,21.33,-44.85
2019-06-24,19.00,-43.75
2019-06-25,19.83,-45.23
2019-06-26,20.58,-42.98
2019-06-27,19.60,-42.68
2019-06-28,24.26,-41.76
2019-06-29,21.02,-44.73
2019-06-30,20.65,-45.16
2019-07-01,21.74,-44.54
2019-07-02,20.87,-45.93
2019-07-03,20.68,-45.07
2019-07-04,20.97,-43.49
2019-07-05,20.76,-43.88
2019-07-06,15.82,-45.22
2019-07-07,14.05,-45.67
2019-07-08,13.97,-46.73
2019-07-09,14.77,-45.16
2019-07-10,15.99,-46.73
2019-07-11,15.39,-41.65
2019-07-12,12.76,-41.80
2019-07-13,16.03,-28.32
2019-07-14,15.65,-48.85
2019-07-15,13.82,-45.30
2019-07-16,13.31,-44.01
2019-07-17,14.72,-45.71
2019-07-18,14.16,-46.79
2019-07-19,13.95,-45.11
2019-07-20,12.13,-46.48
2019-07-21,15.10,-42.92
2019-07-22,18.42,-46.83
2019-07-23,1.13,-46.41
2019-07-24,18.87,-42.15
2019-07-25,14.86,-43.63
2019-07-26,18.02,-42.55
2019-07-27,15.04,-53.87
2019-07-28,10.27,-40.68
2019-07-29,16.54,-44.61
2019-07-30,13.65,-42.79
2019-07-31,16.14,-41.36
2019-08-01,13.54,-44.85
2019-08-02,13.17,-47.25
2019-08-03,14.54,-43.58
2019-08-04,15.71,-44.30
2019-08-05,14.58,-43.54
2019-08-06,10.03,-39.73
2019-08-07,14.19,-43.97
2019-08-08,18.04,-45.51
2019-08-09,15.79,-44.42
2019-08-10,13.17,-44.67
2019-08-11,13.53,-45.92
2019-08-12,14.36,-45.64
2019-08-13,12.93,-46.03
2019-08-14,14.38,-45.09
2019-08-15,13.31,-46.02
2019-08-16,12.65,-46.05
2019-08-17,14.46,-46.26
2019-08-18,14.39,-46.33
2019-08-19,13.72,-46.03
2019-08-20,13.63,-46.19
2019-08-21,13.90,-45.48
2019-08-22,13.28,-45.47
2019-08-23,13.38,-45.51
2019-08-24,14.95,-43.57
2019-08-25,14.21,-46.32
2019-08-26,14.92,-45.05
2019-08-27,15.80,-42.14
2019-08-28,10.41,-44.31
2019-08-29,12.17,-39.30
2019-08-30,19.58,-40.20
2019-08-31,13.73,-45.47
2019-09-01,11.29,-44.79
2019-09-02,14.43,-44.90
2019-09-03,14.81,-44.87
2019-09-04,18.03,-38.03
2019-09-05,15.29,-41.07
2019-09-06,12.71,-42.05
2019-09-07,14.29,-41.58
2019-09-08,11.44,-46.00
2019-09-09,11.82,-46.50
2019-09-10,13.00,-44.24
2019-09-11,11.79,-45.23
2019-09-12,11.31,-45.49
2019-09-13,12.52,-44.53
2019-09-14,12.28,-45.44
2019-09-15,12.85,-45.38
2019-09-16,11.46,-44.54
2019-09-17,11.53,-45.21
2019-09-18,12.14,-43.79
2019-09-19,10.60,-46.01
2019-09-20,12.07,-45.59
2019-09-21,13.45,-45.88
2019-09-22,12.76,-44.97
2022-07-03,-0.05,343.69
2022-07-04,-26.31,490.93
2022-07-05,771.13,1298.41
2022-07-06,1202.90,1142.71
2022-07-07,56.74,-274.57
2022-07-08,347.48,261.28
2022-07-09,99.01,733.64
2022-07-10,-53.08,-72.71
2022-07-11,10.33,-55.52
2022-07-12,17.39,-54.40
2022-07-13,22.20,-49.71
2022-07-14,6.95,-52.35
2022-07-15,11.57,-48.54
2022-07-16,-48.66,-40.21
2022-07-17,-313.49,1404.78
2022-07-18,902.43,-51.69
2022-07-19,-12.13,-129.61
2022-07-20,-40.63,-156.13
2022-07-21,54.89,-57.30
2022-07-22,9.08,-212.07
2022-07-23,135.60,-112.76
2022-07-24,-8.52,17.36
2022-07-25,56.54,-903.96
2022-07-26,73.27,1405.66
2022-07-27,-235.51,30.55
2022-07-28,14.36,-94.33
2022-07-29,1312.94,-544.34
2022-07-30,279.19,144.30
2022-08-01,-533.85,1411.65
2022-08-02,-92.51,-72.57
2022-08-03,-42.88,-185.48
2022-08-04,352.50,-662.83
2022-08-05,20.43,-56.81
2022-08-06,-52.89,-68.20
2022-08-07,153.51,-211.18
2022-08-08,65.44,3.00
2022-08-09,131.71,-272.21
2022-08-10,-56.31,8.26
2022-08-11,-12.16,-10.90
2022-08-12,33.37,368.95
2022-08-13,29.38,-22.22
2022-08-14,9.22,-86.43
2022-08-15,0.68,-21.51
2022-08-16,-127.56,-229.86
2022-08-17,101.63,58.54
2022-08-18,-0.88,-25.08
2022-08-19,12.47,-51.91
2022-08-20,16.70,-109.22
2022-08-21,19.21,-47.12
2022-08-22,10.80,-58.00
2022-08-23,15.67,-39.49
2022-08-24,32.50,-118.90
2022-08-25,24.05,54.35
2022-08-26,8.70,-50.73
2022-08-27,-69.38,46.83
2022-08-28,14.20,-25.00
2022-08-29,19.50,-7.10
2022-08-30,-122.12,-220.28
2022-08-31,191.68,55.81
2022-09-01,-7.02,-83.95
2022-09-02,-2.89,-14.27
2022-09-03,12.43,-59.75
2022-09-04,2.13,-38.46
2022-09-05,3.80,-40.00
2022-09-06,14.72,-51.65
2022-09-07,12.09,-49.23
2022-09-08,11.24,-50.75
2022-09-09,12.04,-50.49
2022-09-10,12.12,-45.65
2022-09-11,13.49,-49.17
2022-09-12,18.95,-42.35
2022-09-13,12.59,-50.28
2022-09-14,11.97,-48.76