Date, North (mm), East (mm)
2014-08-02,0.00,0.00
2014-08-03,0.60,1.36
2014-08-04,2.12,1.48
2014-08-05,0.89,0.90
2014-08-06,1.41,1.12
2014-08-07,0.32,1.23
2014-08-08,2.24,1.87
2014-08-09,-0.25,0.67
2014-08-10,1.34,0.82
2014-08-11,1.37,2.24
2014-08-12,1.33,-0.06
2014-08-13,1.84,-0.39
2014-08-14,2.35,0.15
2014-08-15,2.81,-1.06
2014-08-16,1.80,0.73
2014-08-17,2.40,0.08
2014-08-18,1.07,-0.09
2014-08-19,1.95,-1.04
2014-08-20,2.53,-0.42
2014-08-21,4.29,0.43
2014-08-22,1.42,-0.22
2014-08-23,0.96,1.41
2014-08-24,2.36,-0.58
2014-08-25,1.99,-1.96
2014-08-26,2.26,-2.20
2014-08-27,3.25,-0.32
2014-08-28,3.88,-0.59
2014-08-29,3.11,-1.14
2014-08-30,2.74,-2.92
2014-08-31,2.60,-1.91
2014-09-01,3.58,-1.82
2014-09-02,2.80,-0.45
2014-09-03,3.50,-1.53
2014-09-04,1.94,0.12
2014-09-05,2.73,-1.40
2014-09-06,2.10,-0.98
2014-09-07,2.37,-1.23
2014-09-08,4.64,-1.04
2014-09-09,2.77,-2.73
2014-09-10,3.59,-1.12
2014-09-11,3.11,-0.09
2014-09-12,4.21,-0.79
2014-09-13,4.58,-1.88
2014-09-14,5.47,-1.38
2014-09-15,3.87,-1.68
2014-09-16,3.66,-0.69
2014-09-17,4.07,-1.55
2014-09-18,3.24,-1.19
2014-09-19,3.02,-3.27
2014-09-20,3.72,-0.56
2014-09-21,4.96,-1.99
2014-09-22,3.97,-2.22
2014-09-23,4.89,-1.77
2014-09-24,5.13,-2.85
2014-09-25,3.90,-2.32
2014-09-26,3.93,-2.27
2014-09-27,4.15,-1.90
2014-09-28,4.90,-2.48
2014-09-29,3.55,-2.51
2014-09-30,4.59,-2.79
2014-10-01,4.25,-2.91
2014-10-02,5.35,-2.68
2014-10-03,5.09,-3.92
2014-10-04,5.63,-2.63
2014-10-05,4.77,-3.22
2014-10-06,6.32,-3.12
2014-10-07,6.19,-2.11
2014-10-08,7.25,-0.70
2014-10-09,6.46,-2.61
2014-10-10,5.44,-3.92
2014-10-11,5.87,-3.18
2014-10-12,6.68,-4.69
2014-10-13,5.14,-3.58
2014-10-14,5.96,-3.32
2014-10-15,3.98,-2.48
2014-10-16,4.74,-4.24
2014-10-17,5.55,-3.96
2014-10-18,4.17,-4.33
2014-10-19,4.57,-4.24
2014-10-20,5.58,-4.96
2014-10-21,4.07,-5.25
2014-10-22,5.05,-5.51
2014-10-23,5.91,-4.15
2014-10-24,5.24,-4.10
2014-10-25,5.68,-3.80
2014-10-26,6.10,-3.85
2014-10-27,4.25,-4.86
2014-10-28,5.51,-4.92
2014-10-29,5.91,-4.66
2014-10-30,5.18,-4.48
2014-10-31,4.51,-4.19
2014-11-01,4.93,-1.32
2014-11-02,5.31,-3.81
2014-11-03,5.67,-4.99
2014-11-04,6.10,-3.79
2014-11-05,6.94,-4.68
2014-11-06,6.37,-3.69
2014-11-07,6.03,-2.92
2014-11-08,6.54,-4.11
2014-11-09,6.41,-4.75
2014-11-10,6.13,-3.77
2014-11-11,6.20,-4.06
2014-11-12,5.80,-4.27
2014-11-13,6.56,-3.62
2014-11-14,5.73,-3.99
2014-11-15,6.37,-6.17
2014-11-16,5.94,-5.32
2014-11-17,6.88,-4.44
2014-11-18,6.63,-4.34
2014-11-19,7.24,-4.58
2014-11-20,7.14,-5.15
2014-11-21,8.18,-4.08
2014-11-22,7.81,-4.80
2014-11-23,6.80,-6.34
2014-11-24,5.80,-5.04
2014-11-25,8.15,-4.75
2014-11-26,8.10,-4.65
2014-11-27,8.26,-4.64
2014-11-28,8.38,-5.22
2014-11-29,8.08,-5.04
2014-11-30,8.56,-3.98
2014-12-01,8.82,-5.72
2014-12-02,8.07,-5.75
2014-12-03,8.89,-5.39
2014-12-04,7.55,-7.09
2014-12-05,7.45,-5.51
2014-12-06,8.37,-6.04
2014-12-07,8.52,-5.97
2014-12-08,8.01,-7.08
2014-12-09,9.38,-6.70
2014-12-10,8.22,-6.92
2014-12-11,9.58,-7.29
2014-12-12,10.80,-5.69
2014-12-13,10.10,-5.90
2014-12-14,9.18,-7.39
2014-12-15,8.97,-5.75
2014-12-16,9.93,-5.01
2014-12-17,8.99,-6.21
2014-12-18,8.99,-6.86
2014-12-19,8.87,-6.82
2014-12-20,9.90,-6.98
2014-12-21,11.92,-5.77
2014-12-22,9.61,-9.74
2014-12-23,17.01,-65.66
2014-12-24,10.04,-6.39
2014-12-25,9.88,-6.47
2014-12-26,10.83,-7.01
2014-12-27,9.23,-7.43
2014-12-28,10.24,-6.51
2014-12-29,10.15,-7.28
2014-12-30,10.66,-7.64
2014-12-31,11.19,-7.92
2015-01-01,11.30,-7.64
2015-01-02,11.28,-7.72
2015-01-03,11.34,-7.29
2015-01-04,10.44,-9.50
2015-01-05,6.48,-7.01
2015-01-06,10.57,-7.06
2015-01-07,10.35,-8.29
2015-01-09,11.03,-7.95
2015-01-10,11.53,-8.54
2015-01-11,10.60,-8.31
2015-01-12,10.98,-8.06
2015-01-13,10.55,-7.67
2015-01-14,12.30,-7.62
2015-01-15,11.40,-9.28
2015-01-16,10.47,-8.68
2015-01-17,10.58,-8.06
2015-01-18,12.19,-8.73
2015-01-19,12.19,-8.58
2015-01-20,11.41,-8.10
2015-01-21,10.80,-7.39
2015-01-22,11.10,-9.21
2015-01-23,11.88,-9.93
2015-01-24,12.28,-9.71
2015-01-25,11.48,-8.94
2015-01-26,11.13,-8.68
2015-01-27,10.75,-8.54
2015-01-28,9.89,-8.44
2015-01-29,9.08,-9.46
2015-01-30,13.39,-9.72
2015-01-31,11.50,-9.32
2015-02-01,10.95,-9.30
2015-02-02,12.14,-8.55
2015-02-03,11.47,-9.62
2015-02-04,11.36,-9.06
2015-02-05,12.47,-8.98
2015-02-06,12.41,-9.23
2015-02-07,9.54,-8.09
2015-02-08,10.90,-7.96
2015-02-09,14.81,-8.46
2015-02-10,11.87,-10.33
2015-02-11,11.40,-11.30
2015-02-12,10.70,-11.35
2015-02-13,12.18,-9.74
2015-02-14,12.89,-8.60
2015-02-15,13.83,-8.67
2015-02-16,12.51,-8.75
2015-02-17,13.49,-9.69
2015-02-18,13.31,-9.74
2015-02-19,13.30,-10.14
2015-02-20,13.47,-9.47
2015-02-21,13.38,-10.17
2015-02-22,12.19,-10.59
2015-02-23,13.46,-9.78
2015-02-24,12.64,-10.23
2015-02-25,14.05,-9.73
2015-02-26,14.07,-9.78
2015-02-27,13.89,-10.38
2015-02-28,12.49,-11.12
2015-03-01,12.63,-10.48
2015-03-02,14.30,-10.45
2015-03-03,13.48,-10.16
2015-03-04,13.78,-11.09
2015-03-05,14.08,-11.08
2015-03-06,13.90,-11.98
2015-03-07,13.39,-10.88
2015-03-08,14.37,-11.50
2015-03-09,14.73,-11.99
2015-03-10,14.04,-11.06
2015-03-11,14.75,-10.17
2015-03-12,15.62,-11.11
2015-03-13,13.59,-11.70
2015-03-14,14.63,-10.98
2015-03-15,14.58,-10.14
2015-03-16,14.27,-11.17
2015-03-17,14.41,-11.48
2015-03-18,14.02,-10.90
2015-03-19,13.00,-12.47
2015-03-20,13.65,-11.64
2015-03-21,14.28,-10.69
2015-03-22,14.06,-10.57
2015-03-23,15.06,-11.36
2015-03-24,15.37,-10.08
2015-03-25,13.18,-11.07
2015-03-26,14.62,-11.62
2015-03-27,15.45,-11.24
2015-03-28,14.35,-11.13
2015-03-29,14.02,-12.31
2015-03-30,14.17,-11.76
2015-03-31,14.48,-10.51
2015-04-01,15.83,-10.95
2015-04-02,15.25,-12.14
2015-04-03,15.12,-11.87
2015-04-04,13.58,-12.60
2015-04-05,13.96,-11.95
2015-04-06,15.07,-11.81
2015-04-07,16.11,-12.49
2015-04-08,13.88,-11.46
2015-04-09,13.97,-13.23
2015-04-10,14.65,-12.53
2015-04-11,16.60,-12.70
2015-04-12,16.37,-12.67
2015-04-13,15.54,-12.52
2015-04-14,15.30,-12.27
2015-04-15,15.54,-12.63
2015-04-16,16.19,-12.24
2015-04-17,15.47,-11.75
2015-04-18,16.12,-11.87
2015-04-19,15.25,-12.43
2015-04-20,14.65,-12.62
2015-04-21,15.20,-11.86
2015-04-22,16.29,-12.38
2015-04-23,14.47,-14.06
2015-04-24,15.32,-13.12
2015-04-25,15.77,-11.67
2015-04-26,16.34,-13.35
2015-04-27,16.78,-12.71
2015-04-28,16.26,-13.80
2015-04-29,15.93,-13.66
2015-04-30,16.79,-14.36
2015-05-01,18.15,-14.23
2015-05-02,17.13,-13.23
2015-05-03,17.32,-12.57
2015-05-04,16.91,-14.60
2015-05-05,17.22,-13.95
2015-05-06,18.46,-12.89
2015-05-07,17.96,-12.16
2015-05-08,16.66,-12.01
2015-05-09,18.13,-13.36
2015-05-10,17.93,-13.88
2015-05-11,17.95,-14.21
2015-05-12,16.89,-13.27
2015-05-13,18.43,-14.44
2015-05-14,18.25,-14.73
2015-05-15,16.86,-14.06
2015-05-16,17.73,-13.97
2015-05-17,18.30,-13.51
2015-05-18,17.53,-15.71
2015-05-19,18.24,-13.85
2015-05-20,16.73,-14.75
2015-05-21,17.48,-14.76
2015-05-22,16.94,-15.01
2015-05-23,17.91,-15.62
2015-05-24,17.60,-14.87
2015-05-25,18.06,-15.06
2015-05-26,17.58,-15.79
2015-05-27,18.85,-15.52
2015-05-28,17.76,-15.47
2015-05-29,17.74,-16.08
2015-05-30,18.05,-14.91
2015-05-31,17.26,-15.27
2015-06-01,17.89,-16.20
2015-06-02,17.40,-15.87
2015-06-03,18.05,-16.37
2015-06-04,18.20,-15.88
2015-06-05,19.35,-14.98
2015-06-06,18.74,-14.91
2015-06-07,19.68,-14.44
2015-06-08,18.13,-15.92
2015-06-09,17.54,-15.34
2015-06-10,18.40,-15.38
2015-06-11,18.17,-15.55
2015-06-12,18.40,-15.13
2015-06-13,19.37,-14.99
2015-06-14,17.12,-15.67
2015-06-15,18.39,-15.74
2015-06-16,20.20,-15.85
2015-06-17,19.24,-16.56
2015-06-18,19.21,-14.62
2015-06-19,20.39,-16.26
2015-06-20,20.56,-16.36
2015-06-21,21.02,-15.88
2015-06-22,19.26,-16.23
2015-06-23,20.25,-16.16
2015-06-24,19.64,-16.12
2015-06-25,19.52,-17.40
2015-06-26,19.65,-18.33
2015-06-27,20.57,-17.19
2015-06-28,18.96,-17.26
2015-06-29,21.12,-16.34
2015-06-30,20.32,-16.44
2015-07-01,21.69,-16.32
2015-07-02,20.64,-16.60
2015-07-03,19.59,-17.35
2015-07-04,20.55,-16.68
2015-07-05,20.04,-16.41
2015-07-06,21.00,-15.97
2015-07-07,20.35,-16.63
2015-07-08,20.63,-16.54
2015-07-09,20.01,-16.82
2015-07-10,20.44,-16.77
2015-07-11,20.62,-16.33
2015-07-12,20.48,-16.43
2015-07-13,20.11,-17.96
2015-07-14,21.59,-18.74
2015-07-15,20.71,-16.74
2015-07-16,19.88,-16.96
2015-07-17,20.75,-16.76
2015-07-18,21.11,-16.94
2015-07-19,22.15,-16.96
2015-07-20,22.24,-16.06
2015-07-21,20.71,-16.71
2015-07-22,20.35,-18.94
2015-07-23,21.17,-18.41
2015-07-24,21.61,-17.95
2015-07-25,21.95,-18.55
2015-07-26,20.94,-18.01
2015-07-27,21.49,-17.64
2015-07-28,20.26,-18.33
2015-07-29,21.67,-18.29
2015-07-30,23.25,-17.18
2015-07-31,22.89,-16.25
2015-08-01,20.89,-16.69
2015-08-02,21.10,-19.50
2015-08-03,21.82,-18.32
2015-08-04,21.59,-19.20
2015-08-05,22.28,-18.82
2015-08-06,22.76,-18.53
2015-08-07,20.29,-19.80
2015-08-08,22.20,-18.90
2015-08-09,21.54,-19.40
2015-08-10,22.32,-19.20
2015-08-11,22.41,-19.01
2015-08-12,22.61,-19.12
2015-08-13,21.07,-19.49
2015-08-14,21.74,-20.53
2015-08-15,22.07,-18.80
2015-08-16,22.61,-19.67
2015-08-17,23.01,-20.55
2015-08-18,22.51,-19.37
2015-08-19,21.30,-21.50
2015-08-20,20.86,-21.12
2015-08-21,22.67,-20.26
2015-08-22,23.58,-21.31
2015-08-23,25.21,-20.81
2015-08-24,22.72,-19.99
2015-08-25,22.42,-20.41
2015-08-26,21.93,-20.05
2015-08-27,23.63,-19.83
2015-08-28,23.65,-20.55
2015-08-29,24.21,-20.17
2015-08-30,23.41,-19.83
2015-08-31,23.64,-21.34
2015-09-01,22.88,-20.74
2015-09-02,22.92,-20.87
2015-09-03,23.02,-20.71
2015-09-04,22.84,-21.81
2015-09-05,21.58,-20.99
2015-09-06,22.92,-21.91
2015-09-07,24.10,-21.46
2015-09-08,24.76,-20.48
2015-09-09,24.22,-20.85
2015-09-10,22.07,-21.11
2015-09-11,24.12,-20.12
2015-09-12,23.86,-18.76
2015-09-13,24.86,-20.42
2015-09-14,23.24,-21.83
2015-09-15,24.52,-19.18
2015-09-16,24.92,-20.10
2015-09-17,23.14,-21.61
2015-09-18,23.08,-23.49
2015-09-19,23.94,-21.90
2015-09-20,25.12,-21.36
2015-09-21,25.12,-21.94
2015-09-22,23.19,-21.10
2015-09-23,23.68,-21.79
2015-09-24,23.44,-22.29
2015-09-25,24.46,-21.65
2015-09-26,24.23,-20.95
2015-09-27,24.23,-21.93
2015-09-28,23.27,-21.90
2015-09-29,23.18,-22.29
2015-09-30,24.76,-23.45
2015-10-01,24.60,-22.65
2015-10-02,25.97,-20.92
2015-10-03,23.25,-21.39
2015-10-04,23.45,-20.14
2015-10-05,23.30,-22.40
2015-10-06,24.55,-21.52
2015-10-07,23.85,-23.27
2015-10-08,24.84,-23.25
2015-10-09,25.68,-22.66
2015-10-10,26.15,-22.52
2015-10-11,25.95,-23.40
2015-10-12,24.73,-22.49
2015-10-13,25.50,-22.43
2015-10-14,23.42,-21.67
2015-10-15,24.51,-22.49
2015-10-16,23.95,-23.30
2015-10-17,25.10,-23.69
2015-10-18,25.55,-24.22
2015-10-19,24.43,-22.59
2015-10-20,25.18,-23.14
2015-10-21,23.60,-23.14
2015-10-22,25.10,-23.50
2015-10-23,24.25,-22.88
2015-10-24,25.45,-23.81
2015-10-25,25.60,-23.31
2015-10-26,25.92,-23.27
2015-10-27,25.30,-23.27
2015-10-28,25.62,-23.85
2015-10-29,26.45,-22.17
2015-10-30,25.27,-23.24
2015-10-31,26.48,-22.43
2015-11-01,26.41,-22.25
2015-11-02,25.80,-22.57
2015-11-03,24.93,-23.01
2015-11-04,26.30,-22.64
2015-11-05,26.72,-23.34
2015-11-06,25.43,-24.40
2015-11-07,25.48,-23.69
2015-11-08,27.12,-23.74
2015-11-09,26.54,-23.30
2015-11-10,27.16,-22.75
2015-11-11,26.52,-24.56
2015-11-12,26.60,-24.09
2015-11-13,26.60,-23.86
2015-11-14,27.07,-24.13
2015-11-15,26.82,-23.59
2015-11-16,25.09,-23.04
2015-11-17,28.91,-22.71
2015-11-18,26.95,-24.00
2015-11-19,26.93,-25.18
2015-11-20,28.77,-24.33
2015-11-21,26.93,-24.51
2015-11-22,28.09,-24.61
2015-11-23,27.99,-23.65
2015-11-24,29.24,-24.34
2015-11-25,28.47,-22.98
2015-11-26,26.74,-24.73
2015-11-27,27.44,-25.11
2015-11-28,27.84,-24.14
2015-11-29,27.76,-25.19
2015-11-30,28.75,-25.94
2015-12-01,28.22,-24.13
2015-12-02,28.24,-25.11
2015-12-03,27.16,-24.51
2015-12-04,28.00,-25.31
2015-12-05,27.78,-25.93
2015-12-06,27.58,-23.86
2015-12-07,26.98,-24.23
2015-12-08,28.60,-23.35
2015-12-09,28.46,-25.90
2015-12-10,27.48,-24.64
2015-12-11,28.28,-24.38
2015-12-12,28.88,-25.27
2015-12-13,27.72,-24.08
2015-12-14,26.04,-24.50
2015-12-15,29.34,-24.61
2015-12-16,27.85,-25.25
2015-12-17,26.71,-27.66
2015-12-18,29.38,-25.11
2015-12-19,29.39,-24.57
2015-12-20,28.89,-24.71
2015-12-21,29.08,-25.02
2015-12-22,29.11,-26.18
2015-12-23,29.11,-25.14
2015-12-24,29.61,-23.88
2015-12-25,29.25,-24.67
2015-12-26,27.46,-26.72
2015-12-27,28.62,-25.50
2015-12-28,28.32,-25.62
2015-12-29,26.98,-28.04
2015-12-30,29.13,-26.31
2015-12-31,30.60,-26.13
2016-01-01,29.40,-26.02
2016-01-02,30.12,-24.88
2016-01-03,26.87,-28.58
2016-01-04,29.63,-25.30
2016-01-05,29.30,-24.31
2016-01-06,28.77,-25.41
2016-01-07,29.11,-22.99
2016-01-08,27.53,-24.95
2016-01-09,30.96,-25.31
2016-01-10,30.21,-25.61
2016-01-11,29.75,-25.82
2016-01-12,30.43,-26.29
2016-01-13,28.97,-25.63
2016-01-14,30.69,-26.79
2016-01-15,29.49,-25.92
2016-01-16,29.30,-26.67
2016-01-17,31.74,-26.36
2016-01-18,31.13,-26.04
2016-01-19,31.59,-23.69
2016-01-20,31.97,-26.15
2016-01-21,30.89,-27.93
2016-01-22,30.71,-26.74
2016-01-23,30.73,-27.41
2016-01-24,30.71,-27.88
2016-01-25,32.10,-27.49
2016-01-26,32.07,-27.98
2016-01-27,31.03,-27.77
2016-01-28,31.66,-32.43
2016-01-29,31.52,-28.81
2016-01-30,31.36,-27.90
2016-01-31,32.72,-27.20
2016-02-01,29.15,-27.70
2016-02-02,31.83,-27.89
2016-02-03,32.02,-27.55
2016-02-04,32.06,-27.72
2016-02-05,31.40,-27.72
2016-02-06,32.31,-27.89
2016-02-07,31.97,-28.48
2016-02-08,32.80,-27.66
2016-02-09,32.91,-28.17
2016-02-10,32.20,-28.34
2016-02-11,33.13,-28.25
2016-02-12,33.16,-27.71
2016-02-13,31.40,-25.90
2016-02-14,32.20,-27.84
2016-02-15,32.01,-28.38
2016-02-16,32.76,-28.26
2016-02-17,33.90,-28.03
2016-02-18,32.49,-26.00
2016-02-19,32.45,-28.85
2016-02-20,33.75,-28.74
2016-02-21,32.44,-28.41
2016-02-22,31.96,-27.61
2016-02-23,31.56,-29.56
2016-02-24,32.91,-28.39
2016-02-25,33.29,-28.82
2016-02-26,34.20,-28.84
2016-02-27,33.67,-30.32
2016-02-28,31.91,-29.44
2016-02-29,33.41,-28.98
2016-03-01,34.14,-28.89
2016-03-02,33.19,-28.76
2016-03-03,32.71,-28.51
2016-03-04,32.21,-29.03
2016-03-05,33.42,-29.24
2016-03-06,36.25,-26.87
2016-03-07,32.36,-27.17
2016-03-08,34.67,-28.66
2016-03-09,33.10,-29.74
2016-03-10,34.13,-28.62
2016-03-11,33.43,-25.64
2016-03-12,33.13,-29.47
2016-03-13,33.37,-29.79
2016-03-14,33.09,-29.16
2016-03-15,33.13,-31.47
2016-03-16,33.32,-30.14
2016-03-17,33.67,-29.40
2016-03-18,35.89,-29.28
2016-03-19,33.33,-31.57
2016-03-20,34.64,-30.55
2016-03-21,34.34,-29.90
2016-03-22,32.98,-30.02
2016-03-23,34.60,-30.70
2016-03-24,34.06,-29.12
2016-03-25,35.55,-30.10
2016-03-26,35.26,-29.70
2016-03-27,34.19,-30.55
2016-03-28,32.49,-29.08
2016-03-29,32.89,-28.43
2016-03-30,33.31,-29.41
2016-03-31,34.45,-29.60
2016-04-01,34.53,-30.01
2016-04-02,34.97,-30.32
2016-04-03,34.01,-30.15
2016-04-04,36.23,-29.92
2016-04-05,34.74,-32.16
2016-04-06,35.47,-30.99
2016-04-07,36.19,-29.72
2016-04-08,33.97,-30.29
2016-04-09,36.44,-30.62
2016-04-10,33.89,-31.35
2016-04-11,35.09,-31.30
2016-04-12,35.67,-31.40
2016-04-13,34.93,-31.15
2016-04-14,35.78,-31.96
2016-04-15,35.30,-32.69
2016-04-16,35.43,-31.06
2016-04-17,36.99,-32.04
2016-04-18,36.53,-30.66
2016-04-19,36.28,-30.88
2016-04-20,36.10,-30.75
2016-04-21,34.32,-31.44
2016-04-22,35.95,-32.05
2016-04-23,38.38,-30.76
2016-04-24,37.55,-32.62
2016-04-25,36.05,-32.10
2016-04-26,36.93,-31.85
2016-04-27,36.28,-33.01
2016-04-28,36.17,-31.47
2016-04-29,37.46,-32.83
2016-04-30,38.23,-32.20
2016-05-01,36.89,-35.07
2016-05-02,36.39,-31.92
2016-05-03,36.87,-32.25
2016-05-04,36.43,-32.45
2016-05-05,35.95,-31.68
2016-05-06,36.95,-33.07
2016-05-07,35.65,-33.38
2016-05-08,34.59,-32.92
2016-05-09,35.77,-32.81
2016-05-10,36.02,-33.55
2016-05-11,37.81,-33.18
2016-05-12,36.44,-33.33
2016-05-13,35.03,-33.18
2016-05-14,35.06,-32.46
2016-05-15,36.05,-33.57
2016-05-16,37.69,-32.17
2016-05-17,36.64,-32.93
2016-05-18,37.42,-32.76
2016-05-19,36.82,-32.59
2016-05-20,36.74,-33.76
2016-05-21,36.46,-33.87
2016-05-22,35.70,-34.25
2016-05-23,37.24,-33.07
2016-05-24,36.01,-33.62
2016-05-25,36.88,-32.04
2016-05-26,37.68,-33.72
2016-05-27,38.07,-33.85
2016-05-28,37.01,-32.52
2016-05-29,37.39,-32.64
2016-05-30,38.21,-33.10
2016-05-31,38.88,-33.76
2016-06-01,37.37,-33.85
2016-06-02,37.28,-33.05
2016-06-03,38.78,-33.11
2016-06-04,36.83,-34.37
2016-06-05,36.94,-33.45
2016-06-06,37.17,-32.85
2016-06-07,36.83,-33.74
2016-06-08,36.82,-34.32
2016-06-09,37.00,-34.52
2016-06-10,37.61,-34.11
2016-06-11,37.16,-33.42
2016-06-12,37.67,-34.84
2016-06-13,40.16,-33.90
2016-06-14,37.70,-34.35
2016-06-15,37.49,-34.52
2016-06-16,37.15,-34.83
2016-06-17,38.40,-35.26
2016-06-19,38.90,-36.04
2016-06-20,37.96,-34.73
2016-06-21,39.59,-36.00
2016-06-22,37.15,-34.02
2016-06-23,39.04,-34.85
2016-06-24,38.86,-36.05
2016-06-25,40.70,-34.60
2016-06-26,38.78,-35.35
2016-06-27,37.95,-35.28
2016-06-28,38.89,-34.85
2016-06-29,39.04,-34.97
2016-06-30,38.53,-35.79
2016-07-01,38.48,-34.75
2016-07-02,37.85,-34.19
2016-07-03,39.89,-34.61
2016-07-04,39.79,-34.74
2016-07-05,39.33,-35.25
2016-07-06,39.42,-35.64
2016-07-07,37.93,-35.60
2016-07-08,38.89,-35.98
2016-07-09,38.56,-35.96
2016-07-10,40.37,-34.99
2016-07-11,40.90,-37.03
2016-07-12,39.53,-35.75
2016-07-13,39.02,-35.01
2016-07-14,39.06,-35.83
2016-07-15,38.18,-35.12
2016-07-16,38.09,-34.29
2016-07-17,39.30,-36.06
2016-07-18,38.87,-34.63
2016-07-19,38.47,-36.27
2016-07-20,40.08,-37.06
2016-07-21,39.97,-36.30
2016-07-22,40.62,-37.22
2016-07-23,41.21,-37.50
2016-07-24,40.10,-37.11
2016-07-25,40.32,-36.01
2016-07-26,38.70,-35.23
2016-07-27,41.05,-35.08
2016-07-28,40.71,-37.03
2016-07-29,40.53,-35.91
2016-07-30,39.61,-36.19
2016-07-31,41.41,-35.13
2016-08-01,40.24,-35.47
2016-08-02,40.64,-36.04
2016-08-03,38.34,-37.77
2016-08-04,39.88,-37.25
2016-08-05,41.48,-36.50
2016-08-06,39.69,-36.92
2016-08-07,40.08,-37.25
2016-08-08,40.78,-37.94
2016-08-09,41.56,-37.86
2016-08-10,39.66,-38.87
2016-08-11,39.99,-38.41
2016-08-12,39.99,-37.76
2016-08-13,41.65,-37.28
2016-08-14,40.61,-36.32
2016-08-15,42.87,-38.03
2016-08-16,42.06,-38.28
2016-08-17,40.57,-37.05
2016-08-18,41.43,-37.45
2016-08-19,40.95,-36.83
2016-08-20,41.32,-37.97
2016-08-21,41.27,-37.25
2016-08-22,40.62,-38.11
2016-08-23,41.91,-38.16
2016-08-24,41.80,-38.03
2016-08-25,42.16,-37.84
2016-08-26,41.40,-38.20
2016-08-27,40.54,-39.38
2016-08-28,41.19,-38.58
2016-08-29,41.17,-38.60
2016-08-30,43.21,-38.11
2016-08-31,41.83,-39.29
2016-09-01,42.04,-39.15
2016-09-02,40.95,-38.28
2016-09-03,41.19,-39.33
2016-09-04,42.37,-38.48
2016-09-05,41.58,-40.34
2016-09-06,41.20,-41.04
2016-09-07,42.43,-40.43
2016-09-08,42.82,-39.62
2016-09-09,42.59,-39.47
2016-09-10,41.79,-38.56
2016-09-11,42.47,-37.94
2016-09-12,41.89,-39.35
2016-09-13,41.58,-39.61
2016-09-14,43.30,-38.91
2016-09-15,42.38,-41.24
2016-09-16,42.90,-40.27
2016-09-17,42.98,-40.60
2016-09-18,43.11,-39.25
2016-09-19,41.90,-40.68
2016-09-20,42.07,-39.39
2016-09-21,40.82,-40.73
2016-09-22,43.41,-42.20
2016-09-23,44.13,-41.21
2016-09-24,42.35,-40.32
2016-09-25,43.52,-40.87
2016-09-26,42.87,-40.89
2016-09-27,43.00,-39.83
2016-09-28,43.48,-41.77
2016-09-29,43.48,-40.92
2016-09-30,42.28,-39.98
2016-10-01,42.94,-40.58
2016-10-02,41.62,-41.25
2016-10-03,43.33,-41.74
2016-10-04,42.86,-42.46
2016-10-05,42.83,-43.08
2016-10-06,41.83,-42.27
2016-10-07,42.15,-41.73
2016-10-08,42.92,-41.28
2016-10-09,42.66,-41.15
2016-10-10,41.90,-41.17
2016-10-11,42.50,-40.98
2016-10-12,43.36,-41.62
2016-10-13,44.64,-42.88
2016-10-14,44.54,-41.42
2016-10-15,43.22,-40.34
2016-10-16,45.16,-39.63
2016-10-17,45.60,-40.93
2016-10-18,46.21,-42.80
2016-10-19,45.76,-43.53
2016-10-20,43.52,-44.01
2016-10-21,43.96,-42.68
2016-10-22,44.09,-41.91
2016-10-23,43.94,-41.94
2016-10-24,43.70,-44.33
2016-10-25,43.54,-44.54
2016-10-26,44.38,-42.44
2016-10-27,46.31,-42.55
2016-10-28,43.92,-42.34
2016-10-29,43.72,-42.99
2016-10-30,43.50,-41.79
2016-10-31,44.73,-41.70
2016-11-01,44.14,-41.88
2016-11-02,44.88,-44.04
2016-11-03,44.29,-42.98
2016-11-04,44.93,-42.42
2016-11-05,45.27,-42.89
2016-11-06,44.87,-43.10
2016-11-07,45.21,-42.84
2016-11-08,45.69,-43.00
2016-11-09,45.56,-42.88
2016-11-10,45.96,-43.03
2016-11-11,46.01,-42.78
2016-11-12,46.91,-43.58
2016-11-13,46.24,-42.55
2016-11-14,45.93,-43.18
2016-11-15,45.91,-43.14
2016-11-16,45.00,-43.45
2016-11-17,45.03,-44.06
2016-11-18,45.19,-42.78
2016-11-19,45.09,-44.43
2016-11-20,45.49,-42.88
2016-11-21,45.21,-43.53
2016-11-22,43.98,-43.22
2016-11-23,45.91,-43.24
2016-11-24,45.34,-43.92
2016-11-25,44.83,-43.55
2016-11-26,45.84,-43.67
2016-11-27,45.35,-43.32
2016-11-28,46.67,-43.46
2016-11-29,47.32,-43.36
2016-11-30,46.30,-44.01
2016-12-01,45.43,-43.85
2016-12-02,48.55,-42.27
2016-12-03,47.63,-43.07
2016-12-04,46.81,-43.75
2016-12-05,46.06,-44.36
2016-12-06,45.73,-45.34
2016-12-07,45.41,-45.32
2016-12-08,46.03,-46.24
2016-12-09,47.19,-44.88
2016-12-10,47.22,-43.93
2016-12-11,46.92,-45.21
2016-12-12,46.97,-44.72
2016-12-13,47.37,-46.05
2016-12-14,47.09,-43.91
2016-12-15,48.65,-44.45
2016-12-16,51.72,-41.08
2016-12-17,45.46,-44.81
2016-12-18,47.42,-45.24
2016-12-19,48.36,-46.24
2016-12-20,47.65,-44.94
2016-12-21,48.30,-45.43
2016-12-22,47.73,-45.72
2016-12-23,47.84,-44.26
2016-12-24,47.43,-44.93
2016-12-25,47.91,-45.32
2016-12-26,48.69,-44.03
2016-12-27,48.47,-45.57
2016-12-28,48.04,-45.91
2016-12-29,49.15,-45.35
2016-12-30,48.85,-46.23
2016-12-31,47.90,-43.52
2017-01-01,47.15,-45.94
2017-01-02,47.36,-45.21
2017-01-03,47.79,-45.30
2017-01-04,50.43,-41.66
2017-01-05,52.22,-41.62
2017-01-06,47.26,-46.92
2017-01-07,50.46,-41.58
2017-01-08,50.39,-41.96
2017-01-09,52.11,-45.81
2017-01-10,51.85,-44.23
2017-01-11,49.19,-44.30
2017-01-12,50.22,-44.85
2017-01-13,48.76,-46.27
2017-01-14,51.14,-45.77
2017-01-15,50.22,-45.41
2017-01-16,50.72,-45.97
2017-01-17,49.63,-46.68
2017-01-18,50.00,-48.66
2017-01-19,50.11,-44.50
2017-01-20,50.60,-43.81
2017-01-21,50.40,-45.63
2017-01-22,51.85,-44.35
2017-01-23,50.22,-44.67
2017-01-24,51.45,-47.36
2017-01-25,50.55,-47.05
2017-01-26,50.61,-47.12
2017-01-27,51.48,-45.98
2017-01-28,50.87,-46.38
2017-01-29,50.03,-47.24
2017-01-30,51.55,-47.33
2017-01-31,52.40,-46.91
2017-02-01,50.80,-46.83
2017-02-02,51.42,-46.02
2017-02-03,53.33,-43.77
2017-02-04,51.29,-46.97
2017-02-05,50.89,-47.28
2017-02-06,53.24,-43.93
2017-02-07,51.59,-46.83
2017-02-08,51.41,-45.44
2017-02-09,52.29,-46.81
2017-02-10,52.94,-47.91
2017-02-11,50.15,-47.51
2017-02-12,51.80,-46.28
2017-02-13,51.22,-46.88
2017-02-14,51.93,-47.16
2017-02-15,51.79,-47.29
2017-02-16,52.66,-46.07
2017-02-17,52.61,-46.41
2017-02-18,51.90,-46.35
2017-02-19,51.22,-47.61
2017-02-20,54.45,-43.88
2017-02-21,55.38,-46.28
2017-02-22,52.60,-47.22
2017-02-23,52.95,-47.12
2017-02-24,52.20,-47.53
2017-02-25,51.50,-47.15
2017-02-26,52.18,-47.73
2017-02-27,51.80,-47.66
2017-02-28,52.43,-47.23
2017-03-01,52.20,-47.72
2017-03-02,51.69,-47.68
2017-03-03,52.33,-47.73
2017-03-04,52.67,-47.58
2017-03-05,50.84,-46.53
2017-03-06,51.83,-48.07
2017-03-07,52.31,-46.47
2017-03-08,53.60,-47.17
2017-03-09,52.34,-47.97
2017-03-10,52.74,-47.30
2017-03-11,51.55,-48.67
2017-03-12,53.44,-47.76
2017-03-13,53.25,-47.45
2017-03-14,52.10,-47.96
2017-03-15,54.04,-45.89
2017-03-16,53.27,-47.42
2017-03-17,53.15,-47.28
2017-03-18,53.26,-47.55
2017-03-19,51.94,-47.46
2017-03-20,52.85,-46.87
2017-03-21,53.40,-46.36
2017-03-22,52.49,-47.93
2017-03-23,53.88,-49.46
2017-03-24,54.27,-49.62
2017-03-25,54.39,-48.21
2017-03-26,53.47,-50.43
2017-03-27,53.57,-49.79
2017-03-28,53.53,-48.48
2017-03-29,54.12,-50.60
2017-03-30,55.00,-49.40
2017-03-31,54.52,-48.62
2017-04-01,54.65,-49.18
2017-04-02,54.31,-49.90
2017-04-03,54.88,-49.38
2017-04-04,54.65,-49.56
2017-04-05,53.68,-49.94
2017-04-06,54.40,-50.16
2017-04-07,56.34,-46.10
2017-04-08,55.58,-48.72
2017-04-09,53.97,-50.19
2017-04-10,53.97,-51.82
2017-04-11,54.19,-50.96
2017-04-12,54.27,-49.28
2017-04-13,54.35,-49.62
2017-04-14,55.93,-51.43
2017-04-15,53.86,-51.50
2017-04-16,54.71,-51.66
2017-04-17,56.00,-50.02
2017-04-18,53.69,-51.53
2017-04-19,53.86,-51.41
2017-04-20,55.61,-51.66
2017-04-21,55.07,-54.47
2017-04-22,54.82,-51.78
2017-04-23,53.77,-51.61
2017-04-24,56.34,-51.85
2017-04-25,55.41,-51.20
2017-04-26,55.67,-49.74
2017-04-27,56.85,-52.33
2017-04-28,55.83,-52.94
2017-04-29,55.94,-51.60
2017-04-30,55.89,-51.77
2017-05-01,56.42,-50.57
2017-05-02,57.99,-50.37
2017-05-03,56.50,-52.67
2017-05-04,55.20,-51.11
2017-05-05,55.59,-50.90
2017-05-06,56.02,-50.74
2017-05-07,55.53,-50.98
2017-05-08,55.95,-52.35
2017-05-09,57.12,-51.08
2017-05-10,56.10,-51.70
2017-05-11,55.79,-50.94
2017-05-12,55.37,-52.13
2017-05-13,55.91,-52.05
2017-05-14,56.33,-51.84
2017-05-15,55.71,-54.04
2017-05-16,55.49,-53.11
2017-05-17,56.44,-53.41
2017-05-18,57.50,-52.83
2017-05-19,57.58,-52.61
2017-05-20,57.68,-52.41
2017-05-21,56.37,-51.90
2017-05-22,56.44,-52.35
2017-05-23,55.96,-53.30
2017-05-24,55.58,-52.60
2017-05-25,56.98,-52.66
2017-05-26,55.88,-52.44
2017-05-27,56.57,-53.74
2017-05-28,57.29,-53.92
2017-05-29,57.25,-54.32
2017-05-30,56.92,-53.81
2017-05-31,56.15,-53.05
2017-06-01,59.88,-54.07
2017-06-02,57.88,-54.04
2017-06-03,57.18,-53.78
2017-06-04,57.99,-52.31
2017-06-05,56.63,-52.56
2017-06-06,57.76,-54.68
2017-06-07,58.59,-54.21
2017-06-08,59.00,-54.11
2017-06-09,57.83,-53.68
2017-06-10,59.10,-53.50
2017-06-11,57.63,-55.07
2017-06-12,56.93,-54.33
2017-06-13,59.29,-54.60
2017-06-14,58.43,-55.62
2017-06-15,58.94,-53.90
2017-06-16,57.68,-54.03
2017-06-17,60.16,-53.98
2017-06-18,58.97,-53.58
2017-06-19,58.53,-54.50
2017-06-20,57.34,-53.52
2017-06-21,58.45,-54.04
2017-06-22,58.60,-55.37
2017-06-23,57.24,-53.95
2017-06-24,60.17,-53.10
2017-06-25,60.07,-53.62
2017-06-26,57.25,-51.97
2017-06-27,58.06,-54.98
2017-06-28,58.13,-54.67
2017-06-29,59.17,-54.75
2017-06-30,58.45,-53.71
2017-07-01,57.61,-53.34
2017-07-02,57.77,-55.18
2017-07-03,57.85,-55.39
2017-07-04,59.93,-53.98
2017-07-05,59.62,-54.06
2017-07-06,59.63,-54.26
2017-07-07,61.07,-53.65
2017-07-08,59.67,-54.86
2017-07-09,60.18,-55.58
2017-07-10,60.04,-54.87
2017-07-11,58.90,-54.89
2017-07-12,58.33,-53.37
2017-07-13,59.19,-54.75
2017-07-14,59.68,-55.66
2017-07-15,59.24,-56.41
2017-07-16,60.42,-55.75
2017-07-17,60.01,-54.65
2017-07-18,59.84,-55.68
2017-07-19,59.55,-56.23
2017-07-20,59.42,-55.62
2017-07-21,60.00,-55.17
2017-07-22,60.68,-56.78
2017-07-23,59.62,-55.80
2017-07-24,59.07,-54.44
2017-07-25,61.49,-55.42
2017-07-26,60.21,-56.62
2017-07-27,60.59,-56.65
2017-07-28,61.55,-56.57
2017-07-29,59.81,-56.43
2017-07-30,59.49,-56.36
2017-07-31,60.27,-55.30
2017-08-01,58.49,-56.30
2017-08-02,59.69,-55.41
2017-08-03,59.92,-56.95
2017-08-04,60.05,-55.77
2017-08-05,60.34,-56.62
2017-08-06,61.63,-56.57
2017-08-07,60.73,-56.96
2017-08-08,59.77,-56.60
2017-08-09,60.93,-56.34
2017-08-10,60.31,-57.55
2017-08-11,60.14,-57.97
2017-08-12,60.27,-57.45
2017-08-13,60.23,-57.16
2017-08-14,59.72,-56.75
2017-08-15,60.82,-57.51
2017-08-16,60.97,-58.15
2017-08-17,61.10,-58.58
2017-08-18,61.37,-57.98
2017-08-19,61.27,-56.48
2017-08-20,60.07,-56.51
2017-08-21,61.24,-57.76
2017-08-22,60.31,-56.64
2017-08-23,60.80,-57.82
2017-08-24,60.76,-58.26
2017-08-25,59.53,-58.95
2017-08-26,60.98,-57.89
2017-08-27,62.12,-57.88
2017-08-28,59.72,-58.22
2017-08-29,61.02,-57.73
2017-08-30,61.93,-57.85
2017-08-31,61.02,-58.62
2017-09-01,60.76,-57.51
2017-09-02,62.56,-58.04
2017-09-03,62.83,-57.92
2017-09-04,63.35,-59.59
2017-09-05,60.98,-59.32
2017-09-06,61.79,-59.65
2017-09-07,61.28,-60.77
2017-09-08,61.19,-59.53
2017-09-09,60.86,-59.55
2017-09-10,61.71,-60.69
2017-09-11,59.56,-59.81
2017-09-12,62.15,-60.63
2017-09-13,62.27,-59.38
2017-09-14,61.42,-59.24
2017-09-15,61.00,-59.68
2017-09-16,60.58,-60.40
2017-09-17,60.71,-60.51
2017-09-18,61.72,-59.68
2017-09-19,61.19,-60.10
2017-09-20,61.50,-60.43
2017-09-21,61.55,-59.92
2017-09-22,60.95,-59.99
2017-09-23,63.67,-60.17
2017-09-24,62.42,-60.46
2017-09-25,61.81,-60.44
2017-09-26,62.70,-59.54
2017-09-27,62.10,-59.47
2017-09-28,62.53,-61.26
2017-09-29,62.51,-59.92
2017-09-30,62.34,-61.94
2017-10-01,63.97,-61.56
2017-10-02,61.51,-60.23
2017-10-03,61.65,-59.73
2017-10-04,61.82,-60.91
2017-10-05,62.97,-61.03
2017-10-06,62.67,-60.57
2017-10-07,63.77,-60.68
2017-10-08,63.77,-60.67
2017-10-09,64.02,-61.11
2017-10-10,63.39,-60.73
2017-10-11,63.42,-61.26
2017-10-12,62.04,-61.41
2017-10-13,63.61,-62.34
2017-10-14,63.57,-61.71
2017-10-15,63.52,-60.93
2017-10-16,64.92,-61.10
2017-10-17,63.28,-60.67
2017-10-18,64.20,-60.74
2017-10-19,63.73,-60.39
2017-10-20,64.06,-61.25
2017-10-21,62.61,-62.66
2017-10-22,64.36,-60.99
2017-10-23,63.97,-62.28
2017-10-24,64.38,-60.85
2017-10-25,64.91,-61.81
2017-10-26,64.08,-60.78
2017-10-27,63.99,-61.24
2017-10-28,63.53,-61.78
2017-10-29,63.72,-61.67
2017-10-30,63.51,-61.35
2017-10-31,63.88,-60.93
2017-11-01,63.66,-61.27
2017-11-02,63.51,-61.23
2017-11-03,63.96,-60.66
2017-11-04,63.67,-62.00
2017-11-05,63.77,-61.59
2017-11-06,62.60,-61.83
2017-11-07,63.83,-61.77
2017-11-08,64.39,-62.93
2017-11-09,62.50,-60.72
2017-11-10,64.24,-62.25
2017-11-11,63.23,-63.46
2017-11-12,64.02,-62.71
2017-11-13,64.38,-62.67
2017-11-14,64.23,-63.33
2017-11-15,65.53,-61.67
2017-11-16,67.54,-58.51
2017-11-17,67.55,-60.05
2017-11-18,64.74,-62.31
2017-11-19,64.77,-61.60
2017-11-20,65.48,-61.94
2017-11-21,65.54,-62.61
2017-11-22,65.72,-61.83
2017-11-23,66.63,-62.51
2017-11-24,66.07,-62.80
2017-11-25,65.55,-62.09
2017-11-26,66.34,-62.85
2017-11-27,66.33,-63.18
2017-11-28,65.32,-64.26
2017-11-29,64.84,-64.27
2017-11-30,66.08,-63.94
2017-12-01,66.66,-63.58
2017-12-02,66.35,-63.12
2017-12-03,65.80,-63.91
2017-12-04,65.49,-65.09
2017-12-05,66.55,-63.74
2017-12-06,66.36,-64.11
2017-12-07,67.59,-63.45
2017-12-08,67.40,-63.01
2017-12-09,66.65,-63.76
2017-12-10,66.62,-64.26
2017-12-11,66.54,-63.42
2017-12-12,66.81,-63.18
2017-12-13,67.21,-63.38
2017-12-14,66.16,-63.57
2017-12-15,66.53,-64.58
2017-12-16,66.87,-63.20
2017-12-17,66.08,-64.53
2017-12-18,66.06,-63.93
2017-12-19,66.58,-63.71
2017-12-20,65.97,-64.73
2017-12-21,67.10,-63.92
2017-12-22,66.91,-63.78
2017-12-23,67.34,-64.18
2017-12-24,66.29,-63.61
2017-12-25,67.20,-64.53
2017-12-26,67.22,-64.87
2017-12-27,67.44,-64.06
2017-12-28,67.92,-64.48
2017-12-29,67.67,-64.23
2017-12-30,66.83,-64.37
2017-12-31,66.54,-65.07
2018-01-01,68.27,-65.03
2018-01-02,68.30,-65.11
2018-01-03,67.26,-65.77
2018-01-04,68.10,-64.59
2018-01-05,66.74,-64.54
2018-01-06,67.77,-66.35
2018-01-07,68.01,-65.44
2018-01-08,67.09,-63.91
2018-01-09,65.58,-66.16
2018-01-10,67.34,-66.16
2018-01-11,67.69,-67.79
2018-01-12,67.17,-66.08
2018-01-13,68.49,-65.92
2018-01-14,69.16,-65.85
2018-01-15,68.61,-65.89
2018-01-16,67.92,-65.90
2018-01-17,67.86,-65.12
2018-01-18,69.18,-66.42
2018-01-19,67.37,-66.68
2018-01-20,67.63,-65.91
2018-01-21,69.05,-66.62
2018-01-22,68.78,-65.57
2018-01-23,67.91,-67.06
2018-01-24,70.08,-66.19
2018-01-25,69.57,-65.24
2018-01-26,69.24,-66.68
2018-01-27,68.93,-67.01
2018-01-28,69.07,-66.10
2018-01-29,69.11,-65.71
2018-01-30,70.83,-66.39
2018-01-31,70.11,-66.54
2018-02-01,69.02,-67.37
2018-02-02,69.17,-66.48
2018-02-03,70.64,-66.90
2018-02-04,70.56,-65.71
2018-02-05,70.95,-66.33
2018-02-06,70.85,-67.05
2018-02-07,70.15,-65.08
2018-02-08,70.20,-66.97
2018-02-09,69.87,-65.58
2018-02-10,69.25,-66.03
2018-02-11,69.69,-66.14
2018-02-12,69.83,-65.84
2018-02-13,69.05,-66.23
2018-02-14,69.72,-66.20
2018-02-15,69.77,-65.50
2018-02-16,70.01,-67.18
2018-02-17,69.74,-67.06
2018-02-18,70.85,-66.91
2018-02-19,70.43,-66.94
2018-02-20,69.85,-66.88
2018-02-21,70.99,-66.77
2018-02-22,70.55,-65.81
2018-02-23,71.12,-66.81
2018-02-24,70.17,-67.81
2018-02-25,71.05,-68.55
2018-02-26,71.08,-67.88
2018-02-27,70.17,-66.80
2018-02-28,70.69,-67.29
2018-03-01,70.72,-65.67
2018-03-02,71.27,-64.45
2018-03-03,70.75,-65.03
2018-03-04,70.42,-67.73
2018-03-05,70.66,-66.86
2018-03-06,70.17,-68.53
2018-03-07,70.13,-68.44
2018-03-08,72.37,-68.78
2018-03-09,71.59,-66.67
2018-03-10,71.78,-67.90
2018-03-11,70.81,-68.04
2018-03-12,70.96,-67.32
2018-03-13,71.85,-67.16
2018-03-14,73.53,-64.98
2018-03-15,72.11,-67.69
2018-03-16,70.92,-66.94
2018-03-17,71.69,-67.98
2018-03-18,70.66,-68.49
2018-03-19,71.24,-68.85
2018-03-20,72.97,-68.57
2018-03-21,72.28,-66.96
2018-03-22,75.73,-64.77
2018-03-23,72.78,-67.41
2018-03-24,71.54,-69.34
2018-03-25,72.58,-69.42
2018-03-26,74.08,-69.37
2018-03-27,72.76,-69.23
2018-03-28,72.22,-67.89
2018-03-29,71.75,-69.32
2018-03-30,72.98,-68.70
2018-03-31,73.47,-68.78
2018-04-01,72.36,-69.66
2018-04-02,73.11,-69.40
2018-04-03,72.09,-69.04
2018-04-04,72.93,-70.61
2018-04-05,72.54,-68.02
2018-04-06,72.54,-68.96
2018-04-07,72.32,-70.32
2018-04-08,74.57,-71.77
2018-04-09,72.89,-70.10
2018-04-10,72.69,-69.60
2018-04-11,72.58,-69.84
2018-04-12,74.22,-69.16
2018-04-13,73.44,-68.96
2018-04-14,73.06,-70.29
2018-04-15,72.93,-69.61
2018-04-16,74.14,-66.56
2018-04-17,71.53,-70.00
2018-04-18,73.23,-70.78
2018-04-19,72.49,-69.34
2018-04-20,73.44,-69.92
2018-04-21,74.01,-70.53
2018-04-22,74.12,-70.63
2018-04-23,72.24,-68.27
2018-04-24,72.18,-70.86
2018-04-25,72.51,-70.70
2018-04-26,74.01,-70.13
2018-04-27,73.32,-70.26
2018-04-28,73.54,-70.95
2018-04-29,74.13,-70.48
2018-04-30,73.63,-70.98
2018-05-01,74.29,-70.14
2018-05-02,73.83,-70.91
2018-05-03,75.41,-71.75
2018-05-04,74.35,-72.31
2018-05-05,74.01,-70.68
2018-05-06,73.54,-70.52
2018-05-07,73.09,-73.28
2018-05-08,74.22,-71.57
2018-05-09,73.49,-71.14
2018-05-10,74.50,-71.28
2018-05-11,73.88,-72.52
2018-05-12,74.21,-71.01
2018-05-13,75.19,-72.34
2018-05-14,74.64,-71.56
2018-05-15,73.79,-71.13
2018-05-16,75.10,-71.86
2018-05-17,74.77,-71.80
2018-05-18,76.39,-71.97
2018-05-19,75.58,-71.45
2018-05-20,74.50,-71.97
2018-05-21,75.62,-72.24
2018-05-22,75.74,-73.16
2018-05-23,76.11,-72.26
2018-05-24,75.78,-72.47
2018-05-25,75.16,-72.48
2018-05-26,76.28,-72.30
2018-05-27,75.92,-72.65
2018-05-28,75.69,-73.58
2018-05-29,76.08,-71.82
2018-05-30,74.89,-72.35
2018-05-31,74.77,-72.14
2018-06-01,75.26,-73.54
2018-06-02,75.03,-72.72
2018-06-03,75.90,-71.83
2018-06-04,76.24,-72.52
2018-06-05,75.45,-71.83
2018-06-06,74.42,-73.28
2018-06-07,75.55,-72.68
2018-06-08,75.38,-73.11
2018-06-09,74.94,-72.48
2018-06-10,75.51,-73.61
2018-06-11,76.58,-73.54
2018-06-12,76.69,-72.73
2018-06-13,76.13,-72.68
2018-06-14,73.97,-72.83
2018-06-15,76.40,-71.53
2018-06-16,75.79,-72.07
2018-06-17,75.06,-73.01
2018-06-18,75.71,-73.93
2018-06-19,76.60,-72.36
2018-06-20,76.53,-73.61
2018-06-21,77.25,-73.09
2018-06-22,76.65,-73.27
2018-06-23,76.37,-72.26
2018-06-24,76.76,-71.08
2018-06-25,76.28,-71.78
2018-06-26,77.14,-72.61
2018-06-27,77.36,-72.49
2018-06-28,76.87,-72.87
2018-06-29,77.45,-73.45
2018-06-30,77.95,-73.89
2018-07-01,77.90,-73.27
2018-07-02,76.70,-72.22
2018-07-03,76.85,-73.17
2018-07-04,75.90,-73.32
2018-07-05,76.86,-74.30
2018-07-06,77.08,-73.42
2018-07-07,77.29,-73.07
2018-07-08,77.86,-74.12
2018-07-09,75.82,-75.21
2018-07-10,77.77,-72.58
2018-07-11,78.21,-73.35
2018-07-12,78.09,-73.27
2018-07-13,78.13,-73.13
2018-07-14,78.14,-73.81
2018-07-15,78.48,-74.18
2018-07-16,78.74,-73.41
2018-07-17,79.13,-74.13
2018-07-18,78.55,-73.64
2018-07-19,76.72,-72.94
2018-07-20,78.22,-72.66
2018-07-21,78.82,-74.25
2018-07-22,78.70,-73.70
2018-07-23,78.61,-74.63
2018-07-24,80.07,-73.33
2018-07-25,78.71,-74.39
2018-07-26,79.06,-74.04
2018-07-27,79.65,-74.62
2018-07-28,78.44,-74.76
2018-07-29,78.40,-74.64
2018-07-30,82.07,-73.75
2018-07-31,79.48,-75.25
2018-08-01,79.14,-75.20
2018-08-02,79.32,-75.20
2018-08-03,78.63,-74.53
2018-08-04,79.56,-75.72
2018-08-05,80.32,-74.56
2018-08-06,81.21,-76.07
2018-08-07,79.65,-76.18
2018-08-08,79.48,-75.25
2018-08-09,79.43,-76.32
2018-08-10,80.33,-75.76
2018-08-11,79.90,-75.88
2018-08-12,80.02,-77.08
2018-08-13,79.07,-76.10
2018-08-14,79.53,-75.39
2018-08-15,80.18,-76.40
2018-08-16,79.86,-76.62
2018-08-17,80.76,-75.33
2018-08-18,80.95,-75.82
2018-08-19,80.87,-74.44
2018-08-20,79.65,-75.98
2018-08-21,80.98,-75.83
2018-08-22,79.77,-77.31
2018-08-23,80.22,-77.54
2018-08-24,79.63,-76.66
2018-08-25,79.30,-76.40
2018-08-26,78.84,-77.29
2018-08-27,80.25,-75.87
2018-08-28,79.84,-75.45
2018-08-29,80.47,-77.93
2018-08-30,79.16,-77.55
2018-08-31,80.79,-76.69
2018-09-01,82.28,-76.70
2018-09-02,81.56,-76.39
2018-09-03,79.90,-76.58
2018-09-04,79.95,-76.56
2018-09-05,80.12,-76.50
2018-09-06,81.32,-75.93
2018-09-07,81.51,-76.27
2018-09-08,80.77,-77.11
2018-09-09,81.29,-76.45
2018-09-10,80.39,-77.17
2018-09-11,80.89,-76.25
2018-09-12,80.23,-76.25
2018-09-13,80.34,-76.27
2018-09-14,80.30,-77.24
2018-09-15,81.02,-77.28
2018-09-16,81.91,-77.57
2018-09-17,81.40,-76.84
2018-09-18,80.76,-77.33
2018-09-19,80.32,-78.16
2018-09-20,81.46,-77.90
2018-09-21,82.30,-76.80
2018-09-22,82.45,-76.96
2018-09-23,82.87,-78.65
2018-09-24,81.89,-77.80
2018-09-25,81.37,-78.01
2018-09-26,81.29,-77.79
2018-09-27,82.30,-77.94
2018-09-28,82.03,-78.19
2018-09-29,81.95,-78.80
2018-09-30,82.18,-78.30
2018-10-01,82.66,-79.58
2018-10-02,81.81,-77.82
2018-10-03,83.73,-77.29
2018-10-04,80.90,-78.56
2018-10-05,83.06,-80.24
2018-10-06,81.68,-79.81
2018-10-07,82.28,-77.75
2018-10-08,82.35,-78.97
2018-10-09,82.68,-78.31
2018-10-10,82.12,-78.76
2018-10-11,82.17,-79.21
2018-10-12,82.19,-77.80
2018-10-13,82.57,-78.15
2018-10-14,83.12,-78.37
2018-10-15,82.92,-78.49
2018-10-16,83.51,-77.78
2018-10-17,83.27,-79.26
2018-10-18,82.81,-78.59
2018-10-19,83.01,-78.52
2018-10-20,83.21,-79.22
2018-10-21,83.75,-79.88
2018-10-22,82.80,-78.92
2018-10-23,83.87,-78.89
2018-10-24,82.93,-80.30
2018-10-25,82.89,-80.54
2018-10-26,83.64,-78.92
2018-10-27,83.38,-79.27
2018-10-28,83.60,-79.37
2018-10-29,83.30,-79.49
2018-10-30,82.87,-80.91
2018-10-31,84.50,-80.51
2018-11-01,84.86,-79.86
2018-11-02,85.37,-79.98
2018-11-03,83.66,-81.40
2018-11-04,84.11,-79.57
2018-11-05,85.02,-80.66
2018-11-06,85.51,-80.09
2018-11-07,84.00,-80.52
2018-11-08,83.39,-80.39
2018-11-09,83.72,-80.54
2018-11-10,83.92,-79.78
2018-11-11,84.13,-80.74
2018-11-12,85.02,-80.78
2018-11-13,84.42,-81.35
2018-11-14,85.25,-80.83
2018-11-15,84.80,-81.57
2018-11-16,84.93,-81.31
2018-11-17,85.42,-79.78
2018-11-18,85.35,-80.19
2018-11-19,85.00,-81.25
2018-11-20,84.35,-82.16
2018-11-21,85.00,-82.56
2018-11-22,85.71,-80.78
2018-11-23,85.21,-81.74
2018-11-24,85.76,-81.23
2018-11-25,86.07,-82.91
2018-11-26,85.51,-81.82
2018-11-27,87.36,-81.62
2018-11-28,86.14,-81.48
2018-11-29,87.81,-80.03
2018-11-30,86.77,-80.78
2018-12-01,85.21,-81.52
2018-12-02,85.28,-80.06
2018-12-03,85.93,-80.98
2018-12-04,86.17,-80.27
2018-12-05,85.70,-81.26
2018-12-06,84.21,-80.45
2018-12-07,85.66,-81.45
2018-12-08,86.36,-80.45
2018-12-09,86.73,-81.30
2018-12-10,87.25,-82.30
2018-12-11,86.01,-82.79
2018-12-12,86.59,-83.37
2018-12-13,87.04,-82.20
2018-12-14,87.01,-82.44
2018-12-15,86.87,-82.18
2018-12-16,87.76,-80.99
2018-12-17,87.18,-81.96
2018-12-18,83.81,-82.95
2018-12-19,87.10,-83.37
2018-12-20,86.98,-81.43
2018-12-21,87.21,-81.52
2018-12-22,87.28,-81.53
2018-12-23,87.67,-82.82
2018-12-24,87.47,-83.22
2018-12-25,87.44,-81.59
2018-12-26,87.92,-82.06
2018-12-27,87.69,-81.58
2018-12-28,88.95,-81.73
2018-12-29,88.46,-83.02
2018-12-30,87.45,-81.96
2018-12-31,87.22,-81.67
2019-01-01,88.44,-82.89
2019-01-02,88.05,-83.02
2019-01-03,88.51,-82.40
2019-01-04,87.85,-83.41
2019-01-05,87.14,-82.87
2019-01-06,87.12,-82.61
2019-01-07,90.51,-80.90
2019-01-08,88.46,-82.88
2019-01-09,88.57,-82.22
2019-01-10,87.88,-84.64
2019-01-11,88.58,-83.49
2019-01-12,89.37,-83.20
2019-01-13,88.19,-84.05
2019-01-14,87.85,-85.22
2019-01-15,87.31,-83.72
2019-01-16,89.27,-83.34
2019-01-17,90.85,-79.92
2019-01-18,89.84,-84.31
2019-01-19,90.20,-84.17
2019-01-20,89.83,-83.95
2019-01-21,90.86,-82.88
2019-01-22,88.81,-85.06
2019-01-23,89.85,-83.67
2019-01-24,89.43,-84.98
2019-01-25,89.24,-84.18
2019-01-26,89.50,-83.86
2019-01-27,88.96,-82.60
2019-01-28,89.81,-82.66
2019-01-29,89.34,-83.64
2019-01-30,88.04,-83.05
2019-01-31,88.81,-83.38
2019-02-01,88.58,-83.20
2019-02-02,90.18,-83.08
2019-02-03,93.41,-80.06
2019-02-04,89.98,-80.66
2019-02-05,90.23,-79.79
2019-02-06,88.46,-83.46
2019-02-07,90.09,-84.03
2019-02-08,90.08,-83.85
2019-02-09,90.81,-82.34
2019-02-10,89.48,-83.41
2019-02-11,89.99,-86.72
2019-02-12,89.35,-84.96
2019-02-13,93.85,-81.37
2019-02-14,89.64,-84.05
2019-02-15,91.74,-81.70
2019-02-16,90.22,-82.47
2019-02-17,90.84,-84.58
2019-02-18,90.78,-84.69
2019-02-19,90.81,-85.46
2019-02-20,90.40,-84.09
2019-02-21,89.48,-83.62
2019-02-22,90.50,-86.17
2019-02-23,91.24,-85.82
2019-02-24,90.78,-84.90
2019-02-25,90.99,-84.81
2019-02-26,88.17,-86.45
2019-02-27,90.42,-83.47
2019-02-28,93.26,-84.55
2019-03-01,92.20,-86.41
2019-03-02,92.80,-80.89
2019-03-03,92.08,-84.20
2019-03-04,91.63,-84.50
2019-03-05,92.92,-86.19
2019-03-06,94.51,-82.48
2019-03-07,92.56,-83.60
2019-03-08,92.54,-84.36
2019-03-09,90.78,-85.51
2019-03-10,89.94,-86.51
2019-03-11,91.95,-85.82
2019-03-12,91.78,-86.74
2019-03-13,92.62,-86.71
2019-03-14,92.22,-86.09
2019-03-15,92.25,-87.13
2019-03-16,92.48,-87.28
2019-03-17,93.06,-86.64
2019-03-18,92.46,-85.87
2019-03-19,92.15,-86.18
2019-03-20,91.10,-85.14
2019-03-21,91.68,-86.77
2019-03-22,92.18,-86.44
2019-03-23,92.00,-85.33
2019-03-24,92.27,-87.96
2019-03-25,92.28,-86.53
2019-03-26,92.92,-87.07
2019-03-27,93.28,-84.72
2019-03-28,94.27,-85.84
2019-03-29,92.57,-87.46
2019-03-30,92.06,-87.59
2019-03-31,93.49,-88.66
2019-04-01,93.67,-87.95
2019-04-02,93.01,-86.61
2019-04-03,92.65,-87.40
2019-04-04,93.33,-87.22
2019-04-05,92.58,-87.54
2019-04-06,91.93,-87.88
2019-04-07,94.61,-87.50
2019-04-08,93.74,-88.92
2019-04-09,92.61,-87.91
2019-04-10,91.75,-88.03
2019-04-11,93.55,-87.85
2019-04-12,96.33,-88.30
2019-04-13,94.68,-89.12
2019-04-14,94.01,-87.45
2019-04-15,93.24,-88.73
2019-04-16,91.98,-87.99
2019-04-17,93.88,-88.26
2019-04-18,93.33,-88.59
2019-04-19,92.93,-87.71
2019-04-20,94.35,-87.58
2019-04-21,93.24,-87.55
2019-04-22,94.97,-87.80
2019-04-23,96.28,-88.51
2019-04-24,94.52,-88.52
2019-04-25,93.58,-87.91
2019-04-26,91.88,-87.80
2019-04-27,94.03,-88.73
2019-04-28,93.45,-89.11
2019-04-29,93.17,-87.84
2019-04-30,93.76,-87.79
2019-05-01,93.89,-88.85
2019-05-02,94.67,-89.25
2019-05-03,94.28,-88.62
2019-05-04,93.98,-89.49
2019-05-05,93.79,-89.72
2019-05-06,94.24,-88.89
2019-05-07,94.71,-89.97
2019-05-08,95.26,-89.18
2019-05-09,94.73,-90.03
2019-05-10,94.31,-89.32
2019-05-11,94.75,-90.00
2019-05-12,95.31,-89.56
2019-05-13,94.90,-90.46
2019-05-14,95.39,-89.96
2019-05-15,95.49,-88.60
2019-05-16,98.89,-84.24
2019-05-17,95.56,-89.90
2019-05-18,93.94,-90.59
2019-05-19,97.79,-87.54
2019-05-20,94.70,-89.51
2019-05-21,95.54,-89.22
2019-05-22,96.67,-90.01
2019-05-23,95.70,-89.53
2019-05-24,95.59,-89.86
2019-05-25,96.05,-90.59
2019-05-26,96.50,-87.48
2019-05-27,96.30,-90.57
2019-05-28,96.60,-90.52
2019-05-29,96.18,-90.28
2019-05-30,96.57,-90.08
2019-05-31,94.87,-89.60
2019-06-01,97.42,-89.58
2019-06-02,97.15,-91.22
2019-06-03,97.01,-90.62
2019-06-04,97.74,-90.24
2019-06-05,97.47,-88.08
2019-06-06,95.93,-89.92
2019-06-07,96.02,-90.43
2019-06-08,96.26,-91.07
2019-06-09,97.20,-91.42
2019-06-10,97.33,-89.82
2019-06-11,97.74,-89.63
2019-06-12,95.82,-91.22
2019-06-13,96.39,-91.02
2019-06-14,97.28,-90.21
2019-06-15,97.19,-90.24
2019-06-16,96.55,-90.92
2019-06-17,96.98,-90.79
2019-06-18,98.37,-91.31
2019-06-19,98.40,-90.47
2019-06-20,98.45,-91.44
2019-06-21,97.69,-91.65
2019-06-22,97.92,-91.38
2019-06-23,98.20,-91.44
2019-06-24,97.92,-92.32
2019-06-25,98.57,-91.21
2019-06-26,98.07,-92.63
2019-06-27,98.70,-92.49
2019-06-28,97.35,-92.56
2019-06-29,96.83,-93.01
2019-06-30,97.86,-92.57
2019-07-01,97.61,-92.48
2019-07-02,97.99,-91.73
2019-07-03,97.75,-93.04
2019-07-04,98.98,-93.11
2019-07-05,99.00,-93.25
2019-07-06,99.81,-94.33
2019-07-07,99.03,-96.21
2019-07-08,99.12,-96.17
2019-07-09,99.03,-96.12
2019-07-10,98.79,-97.09
2019-07-11,99.47,-96.73
2019-07-12,99.44,-96.57
2019-07-13,98.67,-97.69
2019-07-14,100.44,-97.41
2019-07-15,99.68,-96.38
2019-07-16,98.36,-97.54
2019-07-17,100.61,-97.87
2019-07-18,99.72,-96.50
2019-07-19,100.63,-97.43
2019-07-20,99.21,-97.01
2019-07-21,100.03,-97.79
2019-07-22,100.13,-98.46
2019-07-23,99.92,-96.98
2019-07-24,100.66,-97.76
2019-07-25,100.55,-97.45
2019-07-26,100.18,-96.02
2019-07-27,99.86,-96.46
2019-07-28,98.96,-98.67
2019-07-29,99.17,-97.67
2019-07-30,99.15,-98.44
2019-07-31,98.90,-98.10
2019-08-01,100.28,-96.67
2019-08-02,99.90,-99.06
2019-08-03,100.26,-98.72
2019-08-04,101.00,-98.68
2019-08-05,100.86,-98.11
2019-08-06,99.83,-98.15
2019-08-07,101.09,-99.18
2019-08-08,99.86,-97.76
2019-08-09,100.36,-98.97
2019-08-10,99.73,-98.89
2019-08-11,99.43,-99.03
2019-08-12,101.55,-100.18
2019-08-13,101.32,-99.11
2019-08-14,100.77,-98.92
2019-08-15,100.06,-99.23
2019-08-16,99.82,-99.00
2019-08-17,99.89,-98.94
2019-08-18,98.80,-100.62
2019-08-19,99.86,-98.03
2019-08-20,100.50,-98.36
2019-08-21,100.74,-101.18
2019-08-22,102.27,-99.93
2019-08-23,100.98,-99.20
2019-08-24,101.18,-99.98
2019-08-25,100.92,-99.31
2019-08-26,101.60,-98.85
2019-08-27,100.52,-99.41
2019-08-28,100.35,-98.80
2019-08-29,100.51,-99.68
2019-08-30,102.19,-100.63
2019-08-31,100.36,-99.49
2019-09-01,101.23,-99.13
2019-09-02,101.28,-98.93
2019-09-03,100.91,-99.16
2019-09-04,101.88,-99.97
2019-09-05,102.20,-98.52
2019-09-06,101.32,-99.62
2019-09-07,102.80,-100.15
2019-09-08,100.52,-100.84
2019-09-09,101.40,-100.45
2019-09-10,99.22,-101.27
2019-09-11,100.90,-100.38
2019-09-12,101.61,-100.18
2019-09-13,101.68,-100.24
2019-09-14,101.24,-99.85
2019-09-15,101.18,-99.81
2019-09-16,100.85,-99.52
2019-09-17,100.42,-99.78
2019-09-18,100.75,-99.75
2019-09-19,100.77,-100.43
2019-09-20,101.08,-101.05
2019-09-21,101.57,-101.11
2019-09-22,102.52,-100.62
2019-09-23,102.30,-100.70
2019-09-24,103.49,-100.50
2019-09-25,102.62,-100.95
2019-09-26,102.35,-101.00
2019-09-27,102.60,-101.07
2019-09-28,102.58,-101.92
2019-09-29,102.00,-101.44
2019-09-30,100.70,-101.23
2019-10-01,102.83,-101.19
2019-10-02,101.55,-102.11
2019-10-03,102.81,-101.13
2019-10-04,102.46,-101.56
2019-10-05,101.19,-102.54
2019-10-06,102.53,-100.87
2019-10-07,103.01,-99.55
2019-10-08,102.27,-100.65
2019-10-09,103.47,-100.67
2019-10-10,102.46,-101.34
2019-10-11,103.34,-100.88
2019-10-12,102.52,-100.70
2019-10-13,103.15,-101.30
2019-10-14,102.69,-101.06
2019-10-15,102.68,-100.83
2019-10-16,102.89,-100.91
2019-10-17,103.59,-101.93
2019-10-18,102.52,-101.44
2019-10-19,102.63,-101.64
2019-10-20,105.23,-101.18
2019-10-21,104.35,-101.31
2019-10-22,104.57,-101.50
2019-10-23,104.26,-102.87
2019-10-24,104.30,-101.91
2019-10-25,104.16,-101.85
2019-10-26,105.28,-101.93
2019-10-27,103.68,-102.20
2019-10-28,103.57,-101.39
2019-10-29,103.62,-101.92
2019-10-30,104.47,-101.60
2019-10-31,104.59,-102.08
2019-11-01,103.37,-101.67
2019-11-02,103.80,-101.67
2019-11-03,103.93,-102.09
2019-11-04,104.65,-101.63
2019-11-05,104.50,-102.04
2019-11-06,104.43,-102.26
2019-11-07,104.69,-101.56
2019-11-08,104.18,-102.32
2019-11-09,105.29,-102.26
2019-11-10,104.88,-102.26
2019-11-11,104.49,-102.15
2019-11-12,105.81,-102.42
2019-11-13,105.83,-102.29
2019-11-14,105.88,-102.69
2019-11-15,104.43,-102.70
2019-11-16,104.63,-102.29
2019-11-17,106.12,-103.07
2019-11-18,106.76,-102.93
2019-11-19,105.00,-103.04
2019-11-20,105.39,-102.69
2019-11-21,104.64,-103.49
2019-11-22,104.63,-102.61
2019-11-23,105.38,-102.87
2019-11-24,105.27,-103.62
2019-11-25,105.23,-103.71
2019-11-26,104.42,-104.59
2019-11-27,106.95,-101.53
2019-11-28,104.99,-102.74
2019-11-29,105.19,-102.87
2019-11-30,105.62,-103.15
2019-12-01,105.83,-104.18
2019-12-02,106.53,-102.44
2019-12-03,107.64,-103.75
2019-12-04,107.80,-103.37
2019-12-05,106.54,-103.51
2019-12-06,105.80,-104.16
2019-12-07,108.63,-104.21
2019-12-08,108.83,-104.14
2019-12-09,108.08,-104.60
2019-12-10,106.82,-104.51
2019-12-11,107.07,-104.65
2019-12-12,107.25,-104.57
2019-12-13,106.48,-107.47
2019-12-14,107.40,-105.07
2019-12-15,107.80,-105.28
2019-12-16,106.35,-105.97
2019-12-17,107.35,-105.49
2019-12-18,107.83,-104.40
2019-12-19,107.95,-104.79
2019-12-20,106.94,-104.60
2019-12-21,107.39,-104.86
2019-12-22,109.40,-103.53
2019-12-23,108.30,-104.77
2019-12-24,107.83,-105.59
2019-12-25,108.05,-104.63
2019-12-26,110.30,-107.79
2019-12-27,109.21,-104.53
2019-12-28,108.93,-104.62
2019-12-29,108.38,-105.25
2019-12-30,108.72,-104.12
2019-12-31,109.53,-105.34
2020-01-01,109.38,-106.07
2020-01-02,108.38,-105.98
2020-01-03,109.43,-104.90
2020-01-04,109.07,-104.47
2020-01-05,109.11,-104.25
2020-01-06,109.71,-106.18
2020-01-07,110.04,-105.61
2020-01-08,109.11,-104.81
2020-01-09,108.73,-105.25
2020-01-10,108.59,-106.47
2020-01-11,109.70,-105.86
2020-01-12,108.61,-106.45
2020-01-13,109.14,-106.02
2020-01-14,109.90,-105.81
2020-01-15,109.53,-105.60
2020-01-16,110.19,-105.93
2020-01-17,110.81,-103.05
2020-01-18,108.78,-106.11
2020-01-19,110.83,-106.20
2020-01-20,111.01,-105.38
2020-01-21,110.02,-106.25
2020-01-22,109.85,-105.73
2020-01-23,110.56,-107.43
2020-01-24,109.49,-106.28
2020-01-25,109.20,-106.44
2020-01-26,110.42,-106.11
2020-01-27,112.70,-105.44
2020-01-28,109.20,-106.37
2020-01-29,110.67,-105.68
2020-01-30,110.46,-106.52
2020-01-31,111.65,-106.28
2020-02-01,111.94,-105.65
2020-02-02,110.94,-105.66
2020-02-03,110.27,-106.96
2020-02-04,110.89,-106.74
2020-02-05,109.85,-107.10
2020-02-06,110.86,-107.70
2020-02-07,110.78,-106.30
2020-02-08,111.06,-106.60
2020-02-09,111.49,-107.05
2020-02-10,110.80,-107.00
2020-02-11,112.45,-106.71
2020-02-12,111.43,-107.27
2020-02-13,110.84,-106.95
2020-02-14,110.83,-106.92
2020-02-15,111.73,-106.96
2020-02-16,110.89,-108.39
2020-02-17,111.77,-108.32
2020-02-18,111.94,-107.42
2020-02-19,112.30,-107.43
2020-02-20,111.97,-107.24
2020-02-21,112.06,-107.68
2020-02-22,110.82,-107.24
2020-02-23,110.94,-106.63
2020-02-24,111.78,-107.02
2020-02-25,111.52,-108.09
2020-02-26,112.00,-107.47
2020-02-27,111.58,-107.84
2020-02-28,111.30,-108.28
2020-02-29,110.61,-108.01
2020-03-01,110.82,-109.95
2020-03-02,112.88,-108.16
2020-03-03,111.93,-108.93
2020-03-04,110.93,-108.76
2020-03-05,110.89,-108.88
2020-03-06,111.58,-108.52
2020-03-07,111.60,-108.02
2020-03-08,110.89,-109.20
2020-03-09,110.62,-109.63
2020-03-10,112.02,-108.71
2020-03-11,112.86,-109.38
2020-03-12,111.23,-109.76
2020-03-13,110.82,-109.99
2020-03-14,110.86,-108.51
2020-03-15,111.74,-107.45
2020-03-16,111.65,-107.04
2020-03-17,110.78,-109.39
2020-03-18,111.70,-109.86
2020-03-19,111.68,-108.25
2020-03-20,111.23,-110.17
2020-03-21,111.67,-108.95
2020-03-22,111.05,-109.81
2020-03-23,111.59,-109.48
2020-03-24,111.49,-109.82
2020-03-25,111.36,-109.35
2020-03-26,111.35,-110.77
2020-03-27,111.03,-109.88
2020-03-28,111.81,-110.62
2020-03-29,111.92,-111.93
2020-03-30,111.35,-111.97
2020-03-31,112.76,-112.18
2020-04-01,111.69,-112.29
2020-04-02,111.44,-111.38
2020-04-03,112.99,-112.14
2020-04-04,111.89,-111.70
2020-04-05,112.74,-109.83
2020-04-06,112.70,-109.56
2020-04-07,112.38,-109.09
2020-04-08,110.89,-110.69
2020-04-09,112.98,-109.02
2020-04-10,113.59,-111.82
2020-04-11,112.19,-111.01
2020-04-12,112.39,-110.47
2020-04-13,113.12,-111.86
2020-04-14,112.67,-110.94
2020-04-15,112.69,-111.80
2020-04-16,114.07,-111.40
2020-04-17,113.33,-111.41
2020-04-18,113.00,-110.24
2020-04-19,114.14,-110.61
2020-04-20,114.20,-111.41
2020-04-21,113.81,-111.70
2020-04-22,115.82,-111.29
2020-04-23,113.85,-112.50
2020-04-24,115.38,-111.60
2020-04-25,113.92,-112.11
2020-04-26,113.19,-111.92
2020-04-27,113.04,-113.05
2020-04-28,114.41,-113.18
2020-04-29,114.12,-112.28
2020-04-30,113.54,-112.67
2020-05-01,115.16,-112.06
2020-05-02,115.27,-111.74
2020-05-03,115.31,-111.84
2020-05-04,115.45,-112.89
2020-05-05,113.66,-114.18
2020-05-06,114.50,-112.80
2020-05-07,115.62,-114.08
2020-05-08,114.05,-112.64
2020-05-09,113.78,-112.44
2020-05-10,113.67,-112.43
2020-05-11,113.69,-112.64
2020-05-12,114.86,-110.56
2020-05-13,114.39,-111.99
2020-05-14,115.07,-112.46
2020-05-15,114.28,-112.31
2020-05-16,115.94,-112.34
2020-05-17,115.36,-112.21
2020-05-18,116.35,-110.76
2020-05-19,115.64,-111.46
2020-05-20,116.21,-112.96
2020-05-21,116.24,-113.60
2020-05-22,115.15,-113.90
2020-05-23,115.51,-112.51
2020-05-24,115.94,-112.35
2020-05-25,116.02,-112.92
2020-05-26,115.85,-112.89
2020-05-27,115.28,-113.06
2020-05-28,116.71,-112.61
2020-05-29,113.96,-113.63
2020-05-30,116.75,-112.00
2020-05-31,114.87,-112.83
2020-06-01,117.85,-113.41
2020-06-02,117.06,-112.96
2020-06-03,116.15,-113.86
2020-06-04,116.62,-114.22
2020-06-05,114.95,-114.42
2020-06-06,116.47,-111.96
2020-06-07,116.45,-113.71
2020-06-08,116.12,-113.68
2020-06-09,116.82,-113.63
2020-06-10,117.21,-114.58
2020-06-11,117.82,-113.52
2020-06-12,117.62,-113.82
2020-06-13,117.52,-112.96
2020-06-14,118.18,-113.04
2020-06-15,117.59,-114.84
2020-06-16,117.79,-113.76
2020-06-17,117.04,-114.91
2020-06-18,117.29,-113.57
2020-06-19,118.15,-114.56
2020-06-20,117.99,-114.84
2020-06-21,116.80,-113.97
2020-06-22,117.60,-113.65
2020-06-23,118.68,-114.43
2020-06-24,117.27,-115.14
2020-06-25,117.50,-115.39
2020-06-26,117.44,-114.15
2020-06-27,119.79,-113.40
2020-06-28,116.54,-114.56
2020-06-29,119.02,-113.99
2020-06-30,118.64,-114.44
2020-07-01,118.38,-114.16
2020-07-02,117.55,-115.65
2020-07-03,117.53,-114.77
2020-07-04,119.22,-115.67
2020-07-05,119.49,-116.02
2020-07-06,119.46,-115.53
2020-07-07,118.94,-115.15
2020-07-08,118.73,-114.83
2020-07-09,118.43,-116.05
2020-07-10,116.23,-115.28
2020-07-11,119.32,-114.89
2020-07-12,119.89,-114.44
2020-07-13,119.95,-114.63
2020-07-14,119.78,-116.05
2020-07-15,119.22,-116.61
2020-07-16,118.82,-116.36
2020-07-17,118.38,-116.54
2020-07-18,119.04,-117.33
2020-07-19,118.44,-116.54
2020-07-20,119.28,-117.31
2020-07-21,118.60,-116.55
2020-07-22,118.83,-116.62
2020-07-23,117.67,-117.55
2020-07-24,118.04,-117.50
2020-07-25,119.68,-117.19
2020-07-26,119.21,-118.55
2020-07-27,119.99,-117.80
2020-07-28,120.48,-117.93
2020-07-29,120.64,-118.06
2020-07-30,118.72,-118.74
2020-07-31,119.17,-118.00
2020-08-01,119.34,-118.02
2020-08-02,119.94,-117.91
2020-08-03,119.18,-117.61
2020-08-04,119.66,-119.59
2020-08-05,120.02,-117.41
2020-08-06,119.05,-117.38
2020-08-07,119.97,-117.61
2020-08-08,119.88,-118.45
2020-08-09,119.75,-118.27
2020-08-10,120.27,-117.72
2020-08-11,121.25,-118.24
2020-08-12,120.34,-119.52
2020-08-13,120.20,-118.36
2020-08-14,121.22,-118.28
2020-08-15,119.94,-119.41
2020-08-16,120.59,-118.40
2020-08-17,120.66,-119.11
2020-08-18,119.81,-119.01
2020-08-19,120.35,-118.98
2020-08-20,120.47,-118.40
2020-08-21,120.07,-118.99
2020-08-22,120.86,-118.83
2020-08-23,120.91,-118.10
2020-08-24,121.68,-117.84
2020-08-25,121.63,-120.30
2020-08-26,119.30,-120.39
2020-08-27,121.17,-120.09
2020-08-28,121.78,-121.23
2020-08-29,121.43,-120.09
2020-08-30,120.60,-119.58
2020-08-31,120.20,-120.56
2020-09-01,121.07,-120.44
2020-09-02,121.70,-120.19
2020-09-03,121.75,-119.63
2020-09-04,120.65,-120.89
2020-09-05,121.55,-119.70
2020-09-06,121.54,-119.16
2020-09-07,120.24,-120.24
2020-09-08,121.50,-120.05
2020-09-09,120.59,-119.52
2020-09-10,121.09,-120.08
2020-09-11,121.34,-120.20
2020-09-12,121.46,-120.22
2020-09-13,121.59,-120.30
2020-09-14,120.93,-120.90
2020-09-15,122.13,-120.76
2020-09-16,121.75,-119.83
2020-09-17,120.80,-120.21
2020-09-18,122.49,-122.32
2020-09-19,121.10,-121.93
2020-09-20,121.17,-122.27
2020-09-21,122.42,-122.16
2020-09-22,122.57,-121.38
2020-09-23,122.34,-122.76
2020-09-24,122.31,-121.88
2020-09-25,122.90,-121.61
2020-09-26,122.35,-121.82
2020-09-27,123.21,-122.57
2020-09-28,123.35,-121.69
2020-09-29,123.78,-120.92
2020-09-30,122.25,-120.55
2020-10-01,123.30,-121.26
2020-10-02,123.22,-121.71
2020-10-03,123.09,-122.28
2020-10-04,123.33,-121.47
2020-10-05,122.91,-121.30
2020-10-06,122.74,-122.15
2020-10-07,123.26,-121.28
2020-10-08,123.31,-122.84
2020-10-09,122.67,-121.65
2020-10-10,123.08,-121.72
2020-10-11,123.30,-123.04
2020-10-12,123.39,-122.39
2020-10-13,122.97,-121.79
2020-10-14,124.04,-122.41
2020-10-15,123.08,-122.13
2020-10-16,123.68,-122.19
2020-10-17,123.28,-122.51
2020-10-18,123.66,-123.01
2020-10-19,123.06,-123.31
2020-10-20,123.06,-123.39
2020-10-21,122.85,-122.92
2020-10-22,123.42,-123.31
2020-10-23,123.27,-123.31
2020-10-24,122.91,-122.76
2020-10-25,122.94,-122.73
2020-10-26,123.07,-122.77
2020-10-27,123.72,-122.50
2020-10-28,124.65,-123.64
2020-10-29,124.16,-122.54
2020-10-30,125.02,-123.17
2020-10-31,124.73,-123.99
2020-11-01,125.88,-123.94
2020-11-02,124.54,-123.80
2020-11-03,125.70,-124.09
2020-11-04,124.80,-123.36
2020-11-05,124.39,-123.68
2020-11-06,124.38,-123.82
2020-11-07,124.76,-120.72
2020-11-08,124.71,-122.08
2020-11-09,124.88,-122.93
2020-11-10,124.98,-124.33
2020-11-11,125.07,-123.91
2020-11-12,125.49,-123.89
2020-11-13,126.20,-123.83
2020-11-14,125.82,-125.07
2020-11-15,126.54,-124.03
2020-11-16,126.04,-124.14
2020-11-17,126.11,-124.38
2020-11-18,127.13,-123.92
2020-11-19,126.13,-124.88
2020-11-20,125.24,-124.71
2020-11-21,125.55,-124.31
2020-11-22,125.89,-125.01
2020-11-23,124.89,-124.91
2020-11-24,125.57,-125.49
2020-11-25,126.30,-124.99
2020-11-26,125.96,-125.77
2020-11-27,126.20,-124.82
2020-11-28,126.73,-124.73
2020-11-29,126.12,-124.72
2020-11-30,126.40,-124.33
2020-12-01,125.86,-125.12
2020-12-02,127.24,-125.42
2020-12-03,126.25,-125.27
2020-12-04,126.18,-125.38
2020-12-05,126.76,-124.77
2020-12-06,126.41,-125.16
2020-12-07,126.10,-125.67
2020-12-08,126.39,-124.53
2020-12-09,126.97,-124.61
2020-12-10,126.63,-125.51
2020-12-11,126.01,-125.38
2020-12-12,125.86,-125.19
2020-12-13,126.08,-125.21
2020-12-14,125.84,-124.47
2020-12-15,125.96,-125.91
2020-12-16,127.45,-125.21
2020-12-17,127.20,-124.92
2020-12-18,127.65,-126.17
2020-12-19,126.52,-125.70
2020-12-20,127.36,-125.49
2020-12-21,128.17,-125.83
2020-12-22,127.84,-125.39
2020-12-23,126.80,-125.55
2020-12-24,128.11,-126.20
2020-12-25,127.40,-125.83
2020-12-26,128.02,-124.44
2020-12-27,126.52,-125.33
2020-12-28,127.86,-125.00
2020-12-29,126.55,-126.53
2020-12-30,127.14,-125.66
2020-12-31,125.69,-126.40
2021-01-01,128.15,-125.87
2021-01-02,127.81,-125.96
2021-01-03,128.42,-126.00
2021-01-04,127.65,-126.04
2021-01-05,127.95,-127.56
2021-01-06,127.30,-127.19
2021-01-07,128.28,-126.29
2021-01-08,128.23,-126.43
2021-01-09,126.01,-128.21
2021-01-10,128.35,-127.14
2021-01-11,128.16,-128.01
2021-01-12,129.44,-127.06
2021-01-13,129.88,-125.82
2021-01-14,129.61,-126.73
2021-01-15,128.72,-126.73
2021-01-16,128.03,-127.30
2021-01-17,129.26,-127.65
2021-01-18,128.92,-127.80
2021-01-19,128.65,-128.13
2021-01-20,128.61,-127.99
2021-01-21,129.27,-126.95
2021-01-22,128.07,-126.95
2021-01-23,128.45,-126.97
2021-01-24,128.79,-127.50
2021-01-25,127.09,-124.18
2021-01-26,127.28,-126.34
2021-01-27,132.12,-124.97
2021-01-28,129.95,-126.50
2021-01-29,130.88,-124.92
2021-01-30,129.99,-126.91
2021-01-31,129.43,-126.81
2021-02-01,129.83,-128.27
2021-02-02,130.05,-128.03
2021-02-03,130.28,-127.73
2021-02-04,130.38,-127.28
2021-02-05,130.00,-127.67
2021-02-06,130.62,-127.90
2021-02-07,130.35,-127.23
2021-02-08,130.72,-128.09
2021-02-09,130.40,-127.54
2021-02-10,129.89,-128.34
2021-02-11,129.21,-127.76
2021-02-12,130.90,-126.66
2021-02-13,130.50,-128.62
2021-02-14,129.78,-128.64
2021-02-15,132.65,-126.02
2021-02-16,129.34,-129.40
2021-02-17,127.34,-129.10
2021-02-18,130.22,-130.11
2021-02-19,131.51,-128.37
2021-02-20,131.60,-128.60
2021-02-21,131.80,-129.29
2021-02-22,131.19,-129.40
2021-02-23,131.55,-128.82
2021-02-24,131.30,-129.10
2021-02-25,130.93,-130.73
2021-02-26,131.39,-130.27
2021-02-27,131.40,-129.41
2021-02-28,130.86,-129.89
2021-03-01,131.50,-130.26
2021-03-02,132.11,-129.33
2021-03-03,130.16,-130.22
2021-03-04,130.58,-129.86
2021-03-05,130.74,-129.29
2021-03-06,130.02,-130.24
2021-03-07,131.44,-131.13
2021-03-08,131.40,-129.92
2021-03-09,131.60,-129.82
2021-03-10,132.51,-127.16
2021-03-11,131.59,-131.02
2021-03-12,130.67,-130.21
2021-03-13,131.29,-130.22
2021-03-14,130.87,-131.31
2021-03-15,132.32,-128.90
2021-03-16,131.63,-131.36
2021-03-17,131.98,-130.38
2021-03-18,131.55,-130.61
2021-03-19,131.70,-129.98
2021-03-20,132.67,-129.44
2021-03-21,134.19,-130.98
2021-03-22,133.11,-131.03
2021-03-23,130.86,-130.83
2021-03-24,132.13,-132.05
2021-03-25,132.06,-130.29
2021-03-26,131.64,-131.43
2021-03-27,132.83,-130.86
2021-03-28,132.80,-131.07
2021-03-29,133.22,-131.80
2021-03-30,132.39,-131.85
2021-03-31,132.92,-131.60
2021-04-01,131.98,-132.01
2021-04-02,132.97,-131.53
2021-04-03,131.58,-131.30
2021-04-04,132.89,-130.69
2021-04-05,132.51,-130.89
2021-04-06,133.40,-131.72
2021-04-07,132.64,-131.20
2021-04-08,133.50,-131.35
2021-04-09,132.70,-131.94
2021-04-10,133.03,-133.38
2021-04-11,134.09,-132.27
2021-04-12,133.07,-132.73
2021-04-13,132.78,-132.52
2021-04-14,133.30,-131.51
2021-04-15,134.08,-133.12
2021-04-16,133.81,-132.84
2021-04-17,134.12,-131.45
2021-04-18,133.92,-131.74
2021-04-19,134.73,-131.08
2021-04-20,133.60,-130.67
2021-04-21,132.77,-132.33
2021-04-22,133.41,-133.39
2021-04-23,133.45,-133.11
2021-04-24,134.39,-132.63
2021-04-25,133.72,-131.91
2021-04-26,134.77,-134.39
2021-04-27,134.55,-132.84
2021-04-28,134.24,-133.55
2021-04-29,135.20,-132.88
2021-04-30,134.72,-131.64
2021-05-01,134.95,-130.50
2021-05-02,135.78,-130.54
2021-05-03,135.25,-131.91
2021-05-04,135.03,-132.10
2021-05-05,134.22,-132.28
2021-05-06,135.45,-131.24
2021-05-07,134.86,-132.33
2021-05-08,136.40,-132.97
2021-05-09,133.93,-132.16
2021-05-10,135.30,-132.56
2021-05-11,134.83,-133.04
2021-05-12,135.32,-133.21
2021-05-13,134.71,-132.46
2021-05-14,134.98,-131.67
2021-05-15,134.69,-132.35
2021-05-16,134.23,-133.22
2021-05-17,134.87,-132.03
2021-05-18,135.52,-132.51
2021-05-19,134.53,-133.05
2021-05-20,134.83,-134.71
2021-05-21,134.29,-132.39
2021-05-22,137.77,-134.02
2021-05-23,136.35,-132.94
2021-05-24,135.69,-132.92
2021-05-25,136.00,-132.98
2021-05-26,136.21,-133.80
2021-05-27,137.14,-133.82
2021-05-28,136.74,-134.02
2021-05-29,135.66,-134.04
2021-05-30,135.63,-133.47
2021-05-31,137.06,-132.90
2021-06-01,137.48,-132.10
2021-06-02,137.02,-132.24
2021-06-03,136.49,-132.71
2021-06-04,136.89,-132.83
2021-06-05,137.01,-133.92
2021-06-06,136.15,-132.88
2021-06-07,136.32,-133.76
2021-06-08,137.18,-132.33
2021-06-09,136.23,-132.45
2021-06-10,136.10,-134.64
2021-06-11,136.83,-135.01
2021-06-12,137.31,-134.56
2021-06-13,137.06,-134.15
2021-06-14,136.16,-134.28
2021-06-15,136.90,-134.41
2021-06-16,137.66,-133.42
2021-06-17,137.31,-133.66
2021-06-18,137.16,-133.49
2021-06-19,136.79,-134.43
2021-06-20,137.76,-133.60
2021-06-21,136.18,-133.31
2021-06-22,138.64,-133.40
2021-06-23,137.03,-132.91
2021-06-24,137.87,-134.44
2021-06-25,137.93,-134.43
2021-06-26,138.26,-134.34
2021-06-27,137.21,-135.16
2021-06-28,138.05,-134.67
2021-06-29,137.53,-134.26
2021-06-30,138.09,-135.31
2021-07-01,136.93,-132.49
2021-07-02,136.87,-132.99
2021-07-03,136.84,-135.43
2021-07-04,137.77,-135.05
2021-07-05,136.45,-134.67
2021-07-06,137.60,-135.30
2021-07-07,137.82,-135.87
2021-07-08,138.90,-134.92
2021-07-09,138.50,-134.11
2021-07-10,139.01,-134.61
2021-07-11,138.63,-135.92
2021-07-12,138.62,-135.84
2021-07-13,139.28,-135.26
2021-07-14,138.53,-135.70
2021-07-15,139.36,-136.67
2021-07-16,139.01,-135.65
2021-07-17,139.92,-136.64
2021-07-18,139.31,-136.88
2021-07-19,139.10,-135.64
2021-07-20,138.91,-135.52
2021-07-21,139.78,-136.97
2021-07-22,139.30,-136.85
2021-07-23,140.35,-135.80
2021-07-24,139.42,-135.66
2021-07-25,138.94,-136.77
2021-07-26,138.48,-136.12
2021-07-27,139.47,-137.29
2021-07-28,138.68,-137.29
2021-07-29,140.34,-137.57
2021-07-30,141.33,-135.42
2021-07-31,140.50,-137.13
2021-08-01,140.29,-136.77
2021-08-02,139.85,-136.86
2021-08-03,140.45,-138.36
2021-08-04,140.71,-137.15
2021-08-05,139.06,-137.28
2021-08-06,141.02,-138.47
2021-08-07,140.85,-137.22
2021-08-08,140.20,-138.44
2021-08-09,140.99,-138.45
2021-08-10,140.67,-137.74
2021-08-11,140.43,-137.06
2021-08-12,140.20,-136.87
2021-08-13,140.33,-138.14
2021-08-14,139.99,-136.82
2021-08-15,141.11,-137.86
2021-08-16,140.59,-137.69
2021-08-17,141.13,-138.93
2021-08-18,141.48,-137.80
2021-08-19,140.10,-138.50
2021-08-20,139.76,-137.95
2021-08-21,139.82,-139.06
2021-08-22,140.53,-138.80
2021-08-23,141.23,-138.54
2021-08-24,142.19,-137.34
2021-08-25,141.25,-139.35
2021-08-26,140.60,-139.53
2021-08-27,140.48,-139.58
2021-08-28,141.80,-139.68
2021-08-29,141.36,-138.66
2021-08-30,140.70,-139.29
2021-08-31,140.55,-137.78
2021-09-01,141.15,-138.15
2021-09-02,140.92,-139.22
2021-09-03,140.81,-139.68
2021-09-04,141.21,-140.10
2021-09-05,141.27,-139.24
2021-09-06,142.77,-139.48
2021-09-07,142.00,-139.36
2021-09-08,142.60,-139.16
2021-09-09,141.66,-138.49
2021-09-10,143.97,-137.50
2021-09-11,141.55,-138.57
2021-09-12,141.61,-139.70
2021-09-13,142.06,-140.34
2021-09-14,144.24,-140.17
2021-09-15,142.68,-140.11
2021-09-16,143.59,-139.13
2021-09-17,142.72,-140.33
2021-09-18,144.02,-140.48
2021-09-19,142.51,-140.19
2021-09-20,141.94,-140.62
2021-09-21,143.08,-139.66
2021-09-22,141.44,-137.75
2021-09-23,143.34,-141.31
2021-09-24,143.68,-140.98
2021-09-25,143.24,-140.62
2021-09-26,144.01,-140.10
2021-09-27,143.02,-139.56
2021-09-28,143.00,-141.27
2021-09-29,143.82,-140.41
2021-09-30,143.83,-141.02
2021-10-01,142.84,-142.28
2021-10-02,143.67,-141.06
2021-10-03,144.04,-140.98
2021-10-04,144.12,-141.52
2021-10-05,144.27,-140.55
2021-10-06,144.03,-141.62
2021-10-07,143.12,-141.64
2021-10-08,144.05,-141.64
2021-10-09,144.20,-141.85
2021-10-10,143.51,-141.39
2021-10-11,143.84,-142.33
2021-10-12,143.47,-140.55
2021-10-13,143.83,-141.45
2021-10-14,143.23,-141.90
2021-10-15,144.21,-142.81
2021-10-16,144.93,-142.48
2021-10-17,145.03,-141.78
2021-10-18,143.55,-141.38
2021-10-19,143.75,-142.84
2021-10-20,143.64,-142.94
2021-10-21,145.26,-142.50
2021-10-22,145.29,-143.05
2021-10-23,145.18,-141.63
2021-10-24,143.80,-142.83
2021-10-25,148.70,-142.66
2021-10-26,146.16,-142.31
2021-10-27,145.66,-143.11
2021-10-28,146.45,-142.71
2021-10-29,146.27,-142.40
2021-10-30,145.86,-142.61
2021-10-31,145.23,-142.17
2021-11-01,145.37,-141.54
2021-11-02,145.39,-142.68
2021-11-03,145.65,-144.01
2021-11-04,145.65,-142.43
2021-11-05,144.49,-144.36
2021-11-06,146.01,-144.04
2021-11-07,145.92,-143.89
2021-11-08,144.79,-143.39
2021-11-09,146.51,-143.04
2021-11-10,145.14,-144.50
2021-11-11,147.76,-142.86
2021-11-12,147.11,-143.94
2021-11-13,146.52,-143.42
2021-11-14,146.77,-142.57
2021-11-15,145.48,-143.43
2021-11-16,146.23,-142.81
2021-11-17,145.77,-143.73
2021-11-18,146.10,-144.06
2021-11-19,145.43,-143.64
2021-11-20,145.29,-143.79
2021-11-21,145.49,-143.73
2021-11-22,146.67,-143.72
2021-11-23,147.15,-143.78
2021-11-24,146.89,-144.38
2021-11-25,146.31,-143.77
2021-11-26,147.08,-144.19
2021-11-27,146.94,-143.94
2021-11-28,147.55,-143.30
2021-11-29,146.79,-143.90
2021-11-30,146.87,-144.47
2021-12-01,147.57,-144.81
2021-12-02,146.99,-143.98
2021-12-03,146.39,-144.45
2021-12-04,146.89,-144.36
2021-12-05,147.57,-145.43
2021-12-06,147.54,-145.04
2021-12-07,147.13,-146.20
2021-12-08,146.63,-144.92
2021-12-09,147.77,-142.93
2021-12-10,147.55,-144.54
2021-12-11,148.49,-144.23
2021-12-12,148.09,-144.88
2021-12-13,148.10,-146.39
2021-12-14,148.87,-141.88
2021-12-15,147.90,-141.20
2021-12-16,148.57,-143.89
2021-12-17,148.74,-146.22
2021-12-18,148.75,-144.76
2021-12-19,147.59,-145.16
2021-12-20,148.14,-145.64
2021-12-21,147.69,-144.58
2021-12-22,148.52,-145.17
2021-12-23,149.94,-144.62
2021-12-24,150.62,-143.76
2021-12-25,148.05,-145.65
2021-12-26,147.95,-143.25
2021-12-27,149.03,-144.02
2021-12-28,147.49,-144.99
2021-12-29,149.42,-145.11
2021-12-30,148.59,-146.31
2021-12-31,149.62,-146.31
2022-01-01,147.37,-146.48
2022-01-02,150.09,-146.17
2022-01-03,149.51,-145.98
2022-01-04,149.90,-145.41
2022-01-05,149.38,-147.36
2022-01-06,148.70,-145.08
2022-01-07,150.12,-145.43
2022-01-08,149.84,-146.57
2022-01-09,148.78,-146.49
2022-01-10,149.68,-146.24
2022-01-11,150.01,-145.65
2022-01-12,150.10,-145.80
2022-01-13,150.40,-145.17
2022-01-14,148.97,-145.06
2022-01-15,149.04,-146.13
2022-01-16,151.11,-144.97
2022-01-17,149.00,-144.79
2022-01-18,149.65,-145.83
2022-01-19,150.72,-145.33
2022-01-20,149.65,-146.40
2022-01-21,150.01,-145.79
2022-01-22,148.88,-147.02
2022-01-23,150.00,-146.56
2022-01-24,150.72,-146.40
2022-01-25,150.33,-147.54
2022-01-26,149.52,-146.89
2022-01-27,150.02,-146.44
2022-01-28,150.32,-146.86
2022-01-29,150.26,-147.84
2022-01-30,150.99,-148.53
2022-01-31,150.01,-147.52
2022-02-01,149.79,-148.21
2022-02-02,150.12,-146.51
2022-02-03,149.87,-147.46
2022-02-04,150.87,-148.16
2022-02-05,151.16,-148.45
2022-02-06,150.80,-148.22
2022-02-07,150.89,-147.41
2022-02-08,150.73,-148.38
2022-02-09,151.25,-147.93
2022-02-10,150.22,-148.57
2022-02-11,150.45,-147.78
2022-02-12,150.38,-147.36
2022-02-13,150.92,-147.57
2022-02-14,150.71,-148.04
2022-02-15,150.41,-148.10
2022-02-16,151.08,-147.82
2022-02-17,151.65,-148.47
2022-02-18,151.44,-148.07
2022-02-19,151.80,-148.58
2022-02-20,151.35,-148.55
2022-02-21,151.55,-148.03
2022-02-22,150.54,-147.93
2022-02-23,151.75,-147.49
2022-02-24,151.34,-148.20
2022-02-25,150.59,-149.77
2022-02-26,151.30,-149.81
2022-02-27,152.74,-147.75
2022-02-28,152.27,-149.13
2022-03-01,151.28,-148.39
2022-03-02,151.55,-147.76
2022-03-03,150.81,-148.75
2022-03-04,151.19,-148.00
2022-03-05,149.79,-148.72
2022-03-06,152.37,-149.32
2022-03-07,152.06,-148.62
2022-03-08,152.18,-149.48
2022-03-09,152.11,-148.76
2022-03-10,153.81,-149.65
2022-03-11,152.65,-149.15
2022-03-12,153.50,-149.19
2022-03-13,153.32,-149.27
2022-03-14,153.87,-149.61
2022-03-15,153.58,-148.62
2022-03-16,152.13,-150.64
2022-03-17,152.11,-150.09
2022-03-18,152.64,-152.21
2022-03-19,152.73,-151.38
2022-03-20,153.41,-149.86
2022-03-21,153.73,-149.33
2022-03-22,155.00,-148.67
2022-03-23,152.76,-148.87
2022-03-24,152.68,-148.60
2022-03-25,152.79,-149.34
2022-03-26,152.07,-148.93
2022-03-27,153.37,-149.85
2022-03-28,156.23,-148.66
2022-03-29,153.02,-149.06
2022-03-30,154.28,-150.01
2022-03-31,153.00,-151.69
2022-04-01,153.26,-150.48
2022-04-02,153.84,-150.62
2022-04-03,154.71,-149.09
2022-04-04,153.49,-150.57
2022-04-05,154.45,-150.57
2022-04-06,153.76,-151.44
2022-04-07,154.40,-150.84
2022-04-08,152.87,-150.99
2022-04-09,154.16,-149.66
2022-04-10,153.08,-150.95
2022-04-11,153.55,-151.36
2022-04-12,153.81,-150.56
2022-04-13,154.20,-150.60
2022-04-14,154.11,-151.41
2022-04-15,153.96,-151.50
2022-04-16,155.50,-150.35
2022-04-17,154.70,-150.98
2022-04-18,154.84,-151.71
2022-04-19,153.75,-151.67
2022-04-20,153.38,-151.68
2022-04-21,154.20,-149.71
2022-04-22,154.90,-151.47
2022-04-23,155.74,-151.07
2022-04-24,154.97,-151.87
2022-04-25,154.21,-152.10
2022-04-26,154.61,-151.39
2022-04-27,153.81,-151.71
2022-04-28,154.57,-151.05
2022-04-29,154.36,-151.60
2022-04-30,155.18,-151.64
2022-05-01,155.36,-151.61
2022-05-02,156.01,-152.26
2022-05-03,155.70,-152.06
2022-05-04,156.14,-152.92
2022-05-05,155.16,-151.64
2022-05-06,154.61,-150.62
2022-05-07,155.46,-152.28
2022-05-08,154.43,-151.65
2022-05-09,155.17,-152.75
2022-05-10,156.05,-152.26
2022-05-11,155.37,-152.12
2022-05-12,156.16,-152.27
2022-05-13,156.07,-152.60
2022-05-14,155.79,-153.02
2022-05-15,155.85,-152.20
2022-05-16,155.87,-151.54
2022-05-17,156.44,-152.50
2022-05-18,155.99,-152.83
2022-05-19,155.60,-151.71
2022-05-20,156.17,-151.43
2022-05-21,156.52,-152.90
2022-05-22,156.04,-152.25
2022-05-23,155.47,-152.46
2022-05-24,156.93,-151.80
2022-05-25,157.15,-152.83
2022-05-26,155.36,-151.98
2022-05-27,155.29,-151.92
2022-05-28,156.81,-153.63
2022-05-29,156.00,-152.37
2022-05-30,156.46,-153.10
2022-05-31,156.63,-151.71
2022-06-01,156.19,-153.94
2022-06-02,157.13,-152.79
2022-06-03,157.50,-153.47
2022-06-04,157.40,-153.54
2022-06-05,155.95,-151.86
2022-06-06,157.27,-152.68
2022-06-07,157.11,-154.42
2022-06-08,157.47,-153.94
2022-06-09,157.20,-154.64
2022-06-10,157.10,-153.35
2022-06-11,156.21,-153.63
2022-06-12,157.40,-154.62
2022-06-13,159.16,-152.15
2022-06-14,159.02,-153.76
2022-06-15,158.02,-153.63
2022-06-16,158.22,-152.18
2022-06-17,155.56,-153.33
2022-06-18,156.36,-153.97
2022-06-19,158.89,-153.51
2022-06-20,157.92,-152.90
2022-06-21,157.50,-154.74
2022-06-22,157.65,-154.88
2022-06-23,156.48,-154.43
2022-06-24,156.39,-152.78
2022-06-25,156.82,-154.59
2022-06-26,159.38,-152.61
2022-06-27,159.11,-154.12
2022-06-28,158.74,-153.23
2022-06-29,158.65,-153.63
2022-06-30,157.24,-152.40
2022-07-01,157.91,-154.24
2022-07-02,158.47,-156.20
2022-07-03,158.30,-154.66
2022-07-04,158.24,-154.26
2022-07-05,158.11,-154.61
2022-07-06,158.86,-155.44
2022-07-07,159.27,-156.56
2022-07-08,159.17,-155.10
2022-07-09,159.32,-154.18
2022-07-10,159.12,-155.38
2022-07-11,159.30,-155.98
2022-07-12,159.76,-155.40
2022-07-13,157.76,-155.37
2022-07-14,158.71,-156.33
2022-07-15,159.57,-155.06
2022-07-16,160.08,-155.16
2022-07-17,159.21,-154.62
2022-07-18,159.28,-154.71
2022-07-19,158.71,-155.18
2022-07-20,160.52,-155.35
2022-07-21,159.74,-156.35
2022-07-22,160.25,-154.04
2022-07-23,159.69,-156.31
2022-07-24,160.35,-155.79
2022-07-25,159.80,-156.58
2022-07-26,160.69,-156.16
2022-07-27,159.21,-156.46
2022-07-28,160.47,-155.38
2022-07-29,160.15,-158.44
2022-07-30,158.59,-154.57
2022-07-31,160.83,-155.90
2022-08-01,160.99,-154.93
2022-08-02,160.27,-156.19
2022-08-03,160.13,-156.24
2022-08-04,160.06,-157.28
2022-08-05,157.44,-157.54
2022-08-06,161.27,-156.62
2022-08-07,160.46,-156.20
2022-08-08,159.80,-157.16
2022-08-09,161.60,-156.52
2022-08-10,160.51,-156.41
2022-08-11,160.70,-157.16
2022-08-12,160.78,-157.01
2022-08-13,161.86,-156.64
2022-08-14,160.46,-157.62
2022-08-15,160.79,-157.79
2022-08-16,160.66,-157.63
2022-08-17,160.41,-157.06
2022-08-18,160.69,-157.40
2022-08-19,161.74,-156.92
2022-08-20,161.57,-157.63
2022-08-21,160.16,-157.87
2022-08-22,161.45,-156.92
2022-08-23,161.08,-157.84
2022-08-24,160.37,-157.83
2022-08-25,161.40,-156.06
2022-08-26,162.25,-155.93
2022-08-27,161.88,-157.20
2022-08-28,161.51,-158.84
2022-08-29,161.22,-156.64
2022-08-30,162.19,-158.46
2022-08-31,162.53,-157.81
2022-09-01,162.38,-158.14
2022-09-02,161.68,-157.87
2022-09-03,162.54,-158.01
2022-09-04,163.77,-157.09
2022-09-05,163.20,-157.79
2022-09-06,162.41,-158.13
2022-09-07,163.21,-157.55
2022-09-08,162.96,-156.37
2022-09-09,163.45,-156.92
2022-09-10,161.60,-158.13
2022-09-11,162.13,-159.10
2022-09-12,162.44,-157.35
2022-09-13,163.23,-157.35
2022-09-14,161.78,-159.62
2022-09-15,161.65,-158.53
2022-09-16,162.46,-159.49
2022-09-17,161.87,-158.69
2022-09-18,162.08,-158.13
2022-09-19,163.44,-157.85
2022-09-20,162.96,-157.30
2022-09-21,162.72,-158.26
2022-09-22,162.36,-160.26
2022-09-23,162.51,-159.51
2022-09-24,163.94,-158.51
2022-09-25,164.77,-158.55
2022-09-26,164.27,-157.78
2022-09-27,163.98,-160.22
2022-09-28,163.99,-158.86
2022-09-29,163.64,-159.30
2022-09-30,163.08,-159.69
2022-10-01,163.85,-160.36
2022-10-02,163.33,-159.97
2022-10-03,163.08,-160.24
2022-10-04,163.19,-159.83
2022-10-05,164.05,-159.18
2022-10-06,164.12,-160.32
2022-10-07,165.06,-160.11
2022-10-08,164.46,-161.26
2022-10-09,164.30,-160.41
2022-10-10,164.10,-160.58
2022-10-11,164.75,-159.84
2022-10-12,164.82,-160.43
2022-10-13,164.12,-160.29
2022-10-14,164.35,-160.89
2022-10-15,164.71,-160.95
2022-10-16,164.49,-160.99
2022-10-17,164.92,-160.21
2022-10-18,164.43,-161.08
2022-10-19,165.17,-161.10
2022-10-20,165.38,-160.61
2022-10-21,164.98,-160.88
2022-10-22,164.18,-161.33
2022-10-23,163.34,-161.04
2022-10-24,163.95,-162.13
2022-10-25,164.60,-161.96
2022-10-26,165.91,-161.77
2022-10-27,165.53,-161.26
2022-10-28,165.52,-160.86
2022-10-29,164.96,-161.60
2022-10-30,165.16,-162.06
2022-10-31,166.66,-161.69
2022-11-01,165.10,-161.86
2022-11-02,164.30,-159.76
2022-11-03,165.32,-160.48
2022-11-04,165.92,-160.32
2022-11-05,165.52,-161.00
2022-11-06,166.07,-161.27
2022-11-07,166.52,-160.84
2022-11-08,165.50,-161.02
2022-11-09,166.86,-157.83
2022-11-10,166.12,-162.23
2022-11-11,167.12,-161.68
2022-11-12,165.17,-162.09
2022-11-13,165.73,-161.11
2022-11-14,166.69,-161.27
2022-11-15,165.64,-160.89
2022-11-16,166.75,-161.18
2022-11-17,167.00,-162.43
2022-11-18,167.12,-161.97
2022-11-19,166.17,-161.70
2022-11-20,168.25,-162.60
2022-11-21,167.72,-162.48
2022-11-22,168.35,-162.26
2022-11-23,167.07,-161.65
2022-11-24,167.83,-161.83
2022-11-25,167.64,-161.86
2022-11-26,168.03,-162.21
2022-11-27,167.26,-162.23
2022-11-28,167.21,-162.10
2022-11-29,166.68,-162.86
2022-11-30,166.93,-161.92
2022-12-01,167.00,-162.70
2022-12-02,167.68,-162.19
2022-12-03,167.74,-163.70
2022-12-04,169.96,-163.66
2022-12-05,166.91,-163.46
2022-12-06,167.21,-163.16
2022-12-07,167.59,-163.84
2022-12-08,168.05,-162.47
2022-12-09,168.13,-162.60
2022-12-10,168.90,-163.72
2022-12-11,169.63,-162.95
2022-12-12,167.94,-162.91
2022-12-13,167.94,-164.81
2022-12-14,168.21,-163.69
2022-12-15,167.85,-163.84
2022-12-16,168.33,-164.12
2022-12-17,167.98,-163.76
2022-12-18,168.78,-163.66
2022-12-19,168.68,-164.00
2022-12-20,168.95,-163.59
2022-12-21,168.84,-163.20
2022-12-22,169.07,-163.71
2022-12-23,168.04,-163.83
2022-12-24,168.74,-164.17
2022-12-25,169.34,-163.91
2022-12-26,168.90,-163.79
2022-12-27,169.83,-164.18
2022-12-28,169.23,-165.06
2022-12-29,168.87,-164.96
2022-12-30,170.35,-163.34
2022-12-31,170.96,-163.88
2023-01-01,170.10,-163.73
2023-01-03,170.37,-162.32
2023-01-04,170.39,-164.88
2023-01-05,170.19,-163.17
2023-01-06,170.28,-164.97
2023-01-07,170.04,-164.49
2023-01-08,171.68,-164.65
2023-01-09,173.05,-161.27
2023-01-10,172.69,-162.51
2023-01-11,170.03,-163.36
2023-01-12,170.57,-163.69
2023-01-13,171.42,-164.00
2023-01-14,171.34,-164.27
2023-01-15,172.00,-162.07
2023-01-16,171.89,-163.68
2023-01-17,170.44,-163.09
2023-01-18,170.49,-164.81
2023-01-19,171.43,-163.44
2023-01-20,171.30,-165.42
2023-01-21,171.18,-164.62
2023-01-22,171.29,-167.00
2023-01-23,170.93,-165.12
2023-01-24,171.86,-164.90
2023-01-25,171.48,-164.60
2023-01-26,172.48,-165.34
2023-01-27,173.19,-164.52
2023-01-28,171.94,-165.57
2023-01-29,171.87,-164.11
2023-01-30,171.26,-164.86
2023-01-31,172.46,-165.72
2023-02-01,173.20,-166.51
2023-02-02,173.22,-165.71
2023-02-03,171.95,-166.79
2023-02-04,171.74,-165.58
2023-02-05,173.67,-164.51
2023-02-06,172.98,-165.69
2023-02-07,172.59,-166.57
2023-02-08,172.71,-166.06
2023-02-09,173.39,-166.49
2023-02-10,172.80,-166.32
2023-02-11,171.71,-166.72
2023-02-12,171.72,-166.74
2023-02-13,173.81,-167.04
2023-02-14,172.59,-165.64
2023-02-15,172.30,-167.21
2023-02-16,171.66,-166.60
2023-02-17,172.32,-166.20
2023-02-18,172.89,-167.38
2023-02-19,173.19,-167.24
2023-02-20,173.55,-167.25
2023-02-21,172.32,-166.34
2023-02-22,172.64,-166.31
2023-02-23,172.24,-167.14
2023-02-24,172.77,-166.83
2023-02-25,170.55,-162.28
2023-02-26,172.29,-166.11
2023-02-27,172.95,-166.11
2023-02-28,174.65,-166.88
2023-03-01,174.27,-165.02
2023-03-02,173.77,-166.99
2023-03-03,174.11,-167.03
2023-03-04,172.54,-167.28
2023-03-05,173.17,-166.63
2023-03-06,172.65,-166.96
2023-03-07,172.16,-167.68
2023-03-08,172.92,-168.10
2023-03-09,172.36,-168.39
2023-03-10,177.92,-161.70
2023-03-11,176.81,-166.30
2023-03-12,176.89,-164.24
2023-03-13,174.14,-165.79
2023-03-14,176.85,-165.32
2023-03-15,175.29,-167.02
2023-03-16,174.27,-168.75
2023-03-17,174.21,-167.91
2023-03-18,175.24,-169.36
2023-03-19,176.02,-168.05
2023-03-20,172.94,-168.93
2023-03-21,175.42,-167.61
2023-03-22,176.17,-165.38
2023-03-23,175.22,-167.19
2023-03-24,174.96,-168.36
2023-03-25,174.49,-169.10
2023-03-26,174.50,-168.76
2023-03-27,175.19,-169.45
2023-03-28,175.61,-169.28
2023-03-29,177.59,-165.31
2023-03-30,174.66,-166.59
2023-03-31,175.61,-169.08
2023-04-01,176.11,-168.79
2023-04-02,176.05,-169.40
2023-04-03,176.95,-169.05
2023-04-04,175.66,-168.44
2023-04-05,174.97,-169.97
2023-04-06,176.02,-169.39
2023-04-07,175.48,-169.23
2023-04-08,175.98,-169.33
2023-04-09,176.20,-169.90
2023-04-10,176.04,-169.05
2023-04-11,176.91,-169.00
2023-04-12,175.35,-168.15
2023-04-13,176.82,-168.05
2023-04-14,177.59,-168.66
2023-04-15,175.90,-169.76
2023-04-16,177.04,-169.64
2023-04-17,176.98,-169.01
2023-04-18,176.55,-168.62
2023-04-19,177.93,-169.39
2023-04-20,177.39,-169.13
2023-04-21,177.43,-169.66
2023-04-22,176.84,-169.88
2023-04-23,179.64,-169.38
2023-04-24,176.35,-169.73
2023-04-25,176.97,-170.50
2023-04-26,177.59,-169.68
2023-04-27,177.09,-169.92
2023-04-28,177.96,-169.46
2023-04-29,177.25,-169.89
2023-04-30,178.74,-169.49
2023-05-01,177.19,-170.93
2023-05-02,178.02,-169.77
2023-05-03,177.87,-171.16
2023-05-04,177.30,-171.31
2023-05-05,177.63,-170.40
2023-05-06,177.97,-171.31
2023-05-07,178.38,-170.84
2023-05-08,178.53,-170.60
2023-05-09,177.82,-170.82
2023-05-10,177.68,-170.32
2023-05-11,177.07,-171.54
2023-05-12,178.82,-171.93
2023-05-13,177.36,-170.56
2023-05-14,178.43,-170.35
2023-05-15,177.11,-170.65
2023-05-16,177.52,-170.58
2023-05-17,177.67,-171.54
2023-05-18,177.14,-170.57
2023-05-19,179.01,-170.32
2023-05-20,178.57,-170.86
2023-05-21,178.47,-171.84
2023-05-22,179.58,-171.30
2023-05-23,178.76,-170.22
2023-05-24,177.58,-171.12
2023-05-25,176.59,-171.86
2023-05-26,177.82,-171.77
2023-05-27,178.40,-172.89
2023-05-28,177.66,-171.95
2023-05-29,177.19,-171.66
2023-05-30,177.93,-171.16
2023-05-31,178.57,-171.03
2023-06-01,177.98,-172.74
2023-06-02,177.80,-172.35
2023-06-03,178.45,-172.61
2023-06-04,178.63,-172.49
2023-06-05,178.91,-171.80
2023-06-06,177.46,-171.29
2023-06-07,178.46,-170.71
2023-06-08,178.77,-172.79
2023-06-09,179.20,-172.35
2023-06-10,179.56,-172.35
2023-06-11,179.80,-171.52
2023-06-12,178.25,-172.75
2023-06-13,179.55,-173.23
2023-06-14,180.09,-171.87
2023-06-15,179.15,-173.96
2023-06-16,179.56,-171.27
2023-06-17,180.94,-172.82
2023-06-18,179.41,-172.18
2023-06-19,178.71,-174.09
2023-06-20,179.57,-173.12
2023-06-21,179.22,-173.73
2023-06-22,180.01,-172.33
2023-06-23,179.89,-174.59
2023-06-24,179.88,-173.45
2023-06-25,179.75,-173.69
2023-06-26,181.41,-172.08
2023-06-27,180.94,-173.37
2023-06-28,180.44,-173.51
2023-06-29,179.98,-173.90
2023-06-30,179.34,-174.56
2023-07-01,180.02,-174.47
2023-07-02,179.67,-174.34
2023-07-03,179.13,-173.30
2023-07-04,180.09,-172.90
2023-07-05,180.92,-173.96
2023-07-06,179.51,-172.37
2023-07-07,179.20,-173.88
2023-07-08,179.05,-173.82
2023-07-09,180.53,-173.15
2023-07-10,180.41,-174.20
2023-07-11,178.99,-175.09
2023-07-12,180.60,-175.06
2023-07-13,181.12,-174.98
2023-07-14,180.82,-176.06
2023-07-15,179.47,-175.67
2023-07-16,181.55,-174.77
2023-07-17,179.96,-174.30
2023-07-18,180.45,-174.01
2023-07-19,181.27,-173.69
2023-07-20,181.11,-175.71
2023-07-21,179.08,-175.20
2023-07-22,180.82,-174.75
2023-07-23,179.96,-175.64
2023-07-24,179.59,-174.96
2023-07-25,180.55,-174.58
2023-07-26,180.93,-175.92
2023-07-27,182.21,-174.95
2023-07-28,180.44,-174.83
2023-07-29,179.89,-175.16
2023-07-30,180.39,-174.72
2023-07-31,181.60,-174.85
2023-08-01,181.46,-173.61
2023-08-02,180.40,-175.43
2023-08-03,180.40,-174.66
2023-08-04,179.87,-176.31
2023-08-05,180.05,-175.51
2023-08-06,181.82,-175.64
2023-08-07,182.12,-176.83
2023-08-08,181.61,-176.04
2023-08-09,181.59,-176.76
2023-08-10,181.05,-175.54
2023-08-11,181.77,-175.48
2023-08-12,182.00,-176.10
2023-08-13,181.38,-176.61
2023-08-14,183.72,-175.06
2023-08-15,182.27,-174.31
2023-08-16,181.50,-175.14
2023-08-17,182.33,-177.53
2023-08-18,182.88,-176.18
2023-08-19,183.18,-176.21
2023-08-20,180.91,-177.78
2023-08-21,180.17,-180.29
2023-08-22,181.79,-175.21
2023-08-23,181.57,-177.42
2023-08-24,183.32,-174.89
2023-08-25,182.54,-177.42
2023-08-26,182.60,-178.05
2023-08-27,182.57,-177.87
2023-08-28,182.27,-178.25
2023-08-29,182.70,-177.34
2023-08-30,182.30,-178.02
2023-08-31,183.97,-176.59
2023-09-01,182.37,-176.29
2023-09-02,183.13,-177.93
2023-09-03,183.77,-178.04
2023-09-04,182.86,-178.18
2023-09-05,182.54,-178.60
2023-09-06,182.73,-178.07
2023-09-07,184.39,-178.11
2023-09-08,183.63,-177.68
2023-09-09,183.99,-176.15
2023-09-10,184.25,-178.18
2023-09-11,183.97,-178.11
2023-09-12,182.43,-178.95
2023-09-13,184.40,-178.31
2023-09-14,183.75,-177.60
2023-09-15,182.82,-177.79
2023-09-16,184.42,-178.48
2023-09-17,184.02,-179.17
2023-09-18,183.14,-178.36
2023-09-19,183.65,-179.68
2023-09-20,185.14,-177.89
2023-09-21,183.55,-178.48
2023-09-22,183.58,-179.47
2023-09-23,182.76,-177.87
2023-09-24,183.18,-179.00
2023-09-25,183.47,-178.57
2023-09-26,183.19,-179.36
2023-09-27,184.03,-180.19
2023-09-28,184.33,-179.28
2023-09-29,183.18,-180.21
2023-09-30,185.68,-179.38
2023-10-01,184.20,-179.24
2023-10-02,184.25,-180.02
2023-10-03,184.64,-179.84
2023-10-04,184.43,-178.50
2023-10-05,185.20,-178.27
2023-10-06,185.13,-179.12
2023-10-07,185.60,-179.20
2023-10-08,185.15,-179.56
2023-10-09,184.74,-179.97
2023-10-10,184.29,-179.65
2023-10-11,184.49,-180.18
2023-10-12,184.92,-179.77
2023-10-13,184.76,-179.40
2023-10-14,184.33,-178.25
2023-10-15,185.10,-178.90
2023-10-16,185.97,-179.48
2023-10-17,184.98,-181.97
2023-10-18,185.87,-179.76
2023-10-19,186.04,-178.74
2023-10-20,185.80,-180.85
2023-10-21,185.17,-178.69
2023-10-22,186.03,-180.06
2023-10-23,185.10,-180.37
2023-10-24,186.56,-180.56
2023-10-25,186.24,-180.17
2023-10-26,185.35,-179.60
2023-10-27,185.38,-180.11
2023-10-28,186.38,-180.68
2023-10-29,186.18,-180.12
2023-10-30,187.58,-180.67
2023-10-31,186.77,-180.46
2023-11-01,187.80,-180.09
2023-11-02,186.74,-180.10
2023-11-03,187.98,-180.49
2023-11-04,187.32,-179.96
2023-11-05,186.76,-179.74
2023-11-06,188.12,-179.67
2023-11-07,187.61,-181.14
2023-11-08,188.75,-179.98
2023-11-09,186.43,-180.93
2023-11-10,187.68,-182.11
2023-11-11,188.01,-182.06
2023-11-12,188.95,-181.41
2023-11-13,187.78,-181.16
2023-11-14,187.98,-182.33
2023-11-15,189.20,-181.07
2023-11-16,187.11,-182.19
2023-11-17,187.91,-182.17
2023-11-18,189.22,-180.39
2023-11-19,189.13,-181.73
2023-11-20,188.43,-182.34
2023-11-21,188.76,-181.62
2023-11-22,187.57,-181.78
2023-11-23,187.88,-182.16
2023-11-24,188.68,-182.41
2023-11-25,188.56,-182.13
2023-11-26,187.77,-182.49
2023-11-27,187.49,-182.42
2023-11-28,188.66,-183.00
2023-11-29,187.69,-181.74
2023-11-30,188.17,-182.25
2023-12-01,189.14,-182.39
2023-12-02,189.12,-182.29
2023-12-03,189.69,-183.13
2023-12-04,188.34,-183.96
2023-12-05,189.59,-183.00
2023-12-06,189.71,-182.83
2023-12-07,189.17,-181.76
2023-12-08,189.35,-183.80
2023-12-09,188.50,-183.98
2023-12-10,189.30,-182.54
2023-12-11,189.66,-182.41
2023-12-12,189.00,-183.16
2023-12-13,189.11,-183.11
2023-12-14,189.45,-183.64
2023-12-15,188.30,-183.30
2023-12-16,188.60,-183.29
2023-12-17,189.25,-182.82
2023-12-18,189.79,-183.17
2023-12-19,190.37,-181.50
2023-12-20,188.22,-182.76
2023-12-21,189.29,-184.54
2023-12-22,189.64,-185.08
2023-12-23,189.66,-185.03
2023-12-24,189.07,-183.80
2023-12-25,189.63,-183.16
2023-12-26,190.05,-183.98
2023-12-27,190.02,-184.08
2023-12-28,190.26,-183.60
2023-12-29,190.50,-183.60
2023-12-30,189.44,-183.96
2023-12-31,188.86,-184.00
2024-01-01,189.76,-184.87
2024-01-02,189.85,-185.50
2024-01-03,191.13,-184.57
2024-01-04,188.10,-186.26
2024-01-05,191.58,-183.96
2024-01-06,189.82,-184.72
2024-01-07,189.14,-184.49
2024-01-08,189.51,-185.09
2024-01-09,191.11,-184.63
2024-01-10,190.66,-183.93
2024-01-11,190.14,-184.53
2024-01-12,189.92,-185.35
2024-01-13,189.19,-185.94
2024-01-14,189.61,-185.50
2024-01-15,189.79,-185.56
2024-01-16,192.19,-185.22
2024-01-17,191.55,-183.76
2024-01-18,191.75,-185.29
2024-01-19,192.63,-184.97
2024-01-20,193.04,-183.43
2024-01-21,192.43,-185.35
2024-01-22,193.72,-184.59
2024-01-23,192.76,-186.01
2024-01-24,192.16,-186.27
2024-01-25,192.06,-184.95
2024-01-26,191.82,-185.73
2024-01-27,191.60,-185.20
2024-01-28,192.70,-185.88
2024-01-29,191.98,-186.00
2024-01-30,192.33,-186.53
2024-01-31,192.10,-185.80
2024-02-01,193.79,-185.38
2024-02-02,190.36,-185.91
2024-02-03,192.54,-185.84
2024-02-04,191.00,-187.63
2024-02-05,192.59,-186.19
2024-02-06,191.04,-186.77
2024-02-07,191.43,-185.54
2024-02-08,193.26,-185.31
2024-02-09,192.30,-185.88
2024-02-10,193.27,-184.93
2024-02-11,192.56,-185.90
2024-02-12,192.79,-186.75
2024-02-13,192.22,-186.87
2024-02-14,192.85,-186.31
2024-02-15,193.46,-186.04
2024-02-16,192.21,-186.26
2024-02-17,192.40,-186.36
2024-02-18,193.29,-185.94
2024-02-19,195.01,-185.40
2024-02-20,193.32,-186.63
2024-02-21,192.85,-187.57
2024-02-22,191.85,-187.21
2024-02-23,193.03,-187.11
2024-02-24,193.17,-186.64
2024-02-25,192.98,-186.54
2024-02-26,193.17,-186.81
2024-02-27,193.62,-187.12
2024-02-28,193.79,-187.96
2024-02-29,193.36,-187.35
2024-03-01,192.97,-185.57
2024-03-02,193.94,-184.64
2024-03-03,194.00,-185.30
2024-03-04,193.37,-185.93
2024-03-05,192.99,-186.07
2024-03-06,194.33,-185.48
2024-03-07,193.61,-186.38
2024-03-08,194.40,-185.90
2024-03-09,192.68,-186.79
2024-03-10,193.31,-186.13
2024-03-11,193.09,-186.96
2024-03-12,193.81,-186.20
2024-03-13,194.59,-187.30
2024-03-14,194.83,-186.68
2024-03-15,193.67,-187.37
2024-03-16,194.20,-187.30
2024-03-17,194.38,-186.59
2024-03-18,195.36,-186.80
2024-03-19,194.61,-187.18
2024-03-20,195.38,-187.51
2024-03-21,195.34,-185.76
2024-03-22,194.56,-187.45
2024-03-23,194.52,-187.52
2024-03-24,194.25,-187.59
2024-03-25,195.32,-187.40
2024-03-26,195.19,-187.01
2024-03-27,195.31,-187.58
2024-03-28,194.83,-187.81
2024-03-29,195.87,-187.96
2024-03-30,197.92,-185.39
2024-03-31,195.62,-188.57
2024-04-01,195.44,-187.91
2024-04-02,196.26,-187.39
2024-04-03,195.84,-187.04
2024-04-04,195.60,-187.59
2024-04-05,196.37,-186.11
2024-04-06,195.81,-187.32
2024-04-07,195.84,-188.13
2024-04-08,197.08,-188.46
2024-04-09,197.71,-188.77
2024-04-10,196.31,-188.01
2024-04-11,196.66,-188.66
2024-04-12,195.85,-187.04
2024-04-13,195.83,-188.39
2024-04-14,197.54,-186.24
2024-04-15,195.43,-189.33
2024-04-16,196.38,-188.68
2024-04-17,195.58,-188.50
2024-04-18,196.95,-188.91
2024-04-19,195.88,-187.50
2024-04-20,197.06,-189.82
2024-04-21,195.38,-189.02
2024-04-22,196.94,-189.13
2024-04-23,196.88,-190.06
2024-04-24,195.85,-189.36
2024-04-25,195.64,-189.46
2024-04-26,196.56,-189.39
2024-04-27,198.25,-188.38
2024-04-28,196.78,-190.76
2024-04-29,199.24,-189.50
2024-04-30,198.72,-188.80
2024-05-01,196.28,-188.84
2024-05-02,197.30,-189.62
2024-05-03,198.60,-189.06
2024-05-04,197.14,-190.13
2024-05-05,197.88,-187.96
2024-05-06,197.88,-191.18
2024-05-07,198.43,-192.48
2024-05-08,199.98,-190.86
2024-05-09,198.09,-190.43
2024-05-10,198.54,-190.07
2024-05-11,199.56,-188.36
2024-05-12,198.63,-190.16
2024-05-13,197.87,-190.59
2024-05-14,199.31,-190.39
2024-05-15,198.56,-191.19
2024-05-16,197.51,-189.92
2024-05-17,198.12,-190.46
2024-05-18,197.75,-191.02
2024-05-19,196.62,-191.06
2024-05-20,197.84,-190.68
2024-05-21,198.42,-191.58