time,latitude,longitude,Uwind,Vwind
UTC,degrees_north,degrees_east,meter second-1,meter second-1
2025-09-02T10:00:00Z,18.68,-156.19,-9.281315,0.5794377
2025-09-02T10:00:00Z,18.68,-156.13,-9.269487,0.2428387
2025-09-02T10:00:00Z,18.68,-156.07,-9.379343,-0.062370244
2025-09-02T10:00:00Z,18.68,-156.01,-9.61431,-0.4012016
2025-09-02T10:00:00Z,18.68,-155.95,-9.807389,-0.7438092
2025-09-02T10:00:00Z,18.68,-155.89,-9.824157,-1.0224394
2025-09-02T10:00:00Z,18.68,-155.83,-9.62518,-1.243218
2025-09-02T10:00:00Z,18.68,-155.77,-9.221579,-1.4688623
2025-09-02T10:00:00Z,18.68,-155.71,-8.752818,-1.6934363
2025-09-02T10:00:00Z,18.68,-155.65,-8.325068,-1.8792534
2025-09-02T10:00:00Z,18.68,-155.59,-8.000723,-2.0019422
2025-09-02T10:00:00Z,18.68,-155.53,-7.768904,-2.0599303
2025-09-02T10:00:00Z,18.68,-155.47,-7.567679,-2.0756073
2025-09-02T10:00:00Z,18.68,-155.41,-7.37668,-2.128872
2025-09-02T10:00:00Z,18.68,-155.35,-7.169982,-2.3005
2025-09-02T10:00:00Z,18.68,-155.29,-6.9177165,-2.5359726
2025-09-02T10:00:00Z,18.68,-155.23,-6.671821,-2.706945
2025-09-02T10:00:00Z,18.68,-155.17,-6.5001054,-2.7386205
2025-09-02T10:00:00Z,18.68,-155.11,-6.37679,-2.7485254
2025-09-02T10:00:00Z,18.68,-155.05,-6.294871,-2.816983
2025-09-02T10:00:00Z,18.68,-154.99,-6.2782817,-2.83759
2025-09-02T10:00:00Z,18.68,-154.93,-6.31754,-2.6679718
2025-09-02T10:00:00Z,18.68,-154.87,-6.2739,-2.5490975
2025-09-02T10:00:00Z,18.68,-154.81,-6.078768,-2.7769775
2025-09-02T10:00:00Z,18.68,-154.75,-5.990166,-2.940445
2025-09-02T10:00:00Z,18.68,-154.69,-6.1650133,-2.6509955
2025-09-02T10:00:00Z,18.68,-154.63,-6.272785,-2.2800705
2025-09-02T10:00:00Z,18.735,-156.19,-9.426844,0.8302489
2025-09-02T10:00:00Z,18.735,-156.13,-9.4320135,0.4684971
2025-09-02T10:00:00Z,18.735,-156.07,-9.593285,0.10844105
2025-09-02T10:00:00Z,18.735,-156.01,-9.868627,-0.26804137
2025-09-02T10:00:00Z,18.735,-155.95,-10.041834,-0.62910575
2025-09-02T10:00:00Z,18.735,-155.89,-10.002058,-0.919892
2025-09-02T10:00:00Z,18.735,-155.83,-9.781835,-1.1493812
2025-09-02T10:00:00Z,18.735,-155.77,-9.419859,-1.391993
2025-09-02T10:00:00Z,18.735,-155.71,-8.99945,-1.6792318
2025-09-02T10:00:00Z,18.735,-155.65,-8.569236,-1.9894598
2025-09-02T10:00:00Z,18.735,-155.59,-8.158454,-2.2669353
2025-09-02T10:00:00Z,18.735,-155.53,-7.773932,-2.4358742
2025-09-02T10:00:00Z,18.735,-155.47,-7.458488,-2.4510167
2025-09-02T10:00:00Z,18.735,-155.41,-7.2726827,-2.3819547
2025-09-02T10:00:00Z,18.735,-155.35,-7.1496525,-2.3531358
2025-09-02T10:00:00Z,18.735,-155.29,-6.953217,-2.4130213
2025-09-02T10:00:00Z,18.735,-155.23,-6.698127,-2.5248501
2025-09-02T10:00:00Z,18.735,-155.17,-6.499281,-2.6290333
2025-09-02T10:00:00Z,18.735,-155.11,-6.3951535,-2.7290602
2025-09-02T10:00:00Z,18.735,-155.05,-6.3232794,-2.8762846
2025-09-02T10:00:00Z,18.735,-154.99,-6.271719,-3.0285928
2025-09-02T10:00:00Z,18.735,-154.93,-6.2775455,-3.0695226
2025-09-02T10:00:00Z,18.735,-154.87,-6.3347516,-3.0438838
2025-09-02T10:00:00Z,18.735,-154.81,-6.2489614,-3.096968
2025-09-02T10:00:00Z,18.735,-154.75,-5.998096,-3.2620137
2025-09-02T10:00:00Z,18.735,-154.69,-5.9351363,-3.2219076
2025-09-02T10:00:00Z,18.735,-154.63,-6.0611296,-2.8164897
2025-09-02T10:00:00Z,18.79,-156.19,-9.632223,1.0091875
2025-09-02T10:00:00Z,18.79,-156.13,-9.646959,0.6159731
2025-09-02T10:00:00Z,18.79,-156.07,-9.841934,0.21063355
2025-09-02T10:00:00Z,18.79,-156.01,-10.133548,-0.17719482
2025-09-02T10:00:00Z,18.79,-155.95,-10.277577,-0.5883037
2025-09-02T10:00:00Z,18.79,-155.89,-10.197347,-0.9685461
2025-09-02T10:00:00Z,18.79,-155.83,-9.932741,-1.303156
2025-09-02T10:00:00Z,18.79,-155.77,-9.590676,-1.6024581
2025-09-02T10:00:00Z,18.79,-155.71,-9.214374,-1.880805
2025-09-02T10:00:00Z,18.79,-155.65,-8.805937,-2.1326373
2025-09-02T10:00:00Z,18.79,-155.59,-8.366179,-2.3672197
2025-09-02T10:00:00Z,18.79,-155.53,-7.8898067,-2.5901444
2025-09-02T10:00:00Z,18.79,-155.47,-7.439747,-2.7403026
2025-09-02T10:00:00Z,18.79,-155.41,-7.1450877,-2.7683284
2025-09-02T10:00:00Z,18.79,-155.35,-7.020765,-2.694696
2025-09-02T10:00:00Z,18.79,-155.29,-6.9184184,-2.6293736
2025-09-02T10:00:00Z,18.79,-155.23,-6.742803,-2.660901
2025-09-02T10:00:00Z,18.79,-155.17,-6.5474763,-2.7543943
2025-09-02T10:00:00Z,18.79,-155.11,-6.4205623,-2.8459072
2025-09-02T10:00:00Z,18.79,-155.05,-6.331612,-2.929555
2025-09-02T10:00:00Z,18.79,-154.99,-6.233406,-2.984352
2025-09-02T10:00:00Z,18.79,-154.93,-6.155063,-2.978458
2025-09-02T10:00:00Z,18.79,-154.87,-6.1694736,-2.8334002
2025-09-02T10:00:00Z,18.79,-154.81,-6.192562,-2.7607763
2025-09-02T10:00:00Z,18.79,-154.75,-6.121092,-2.9786668
2025-09-02T10:00:00Z,18.79,-154.69,-5.9961605,-3.2825887
2025-09-02T10:00:00Z,18.79,-154.63,-5.878624,-3.2273138
2025-09-02T10:00:00Z,18.845,-156.19,-9.920476,1.4584306
2025-09-02T10:00:00Z,18.845,-156.13,-9.940199,1.0014063
2025-09-02T10:00:00Z,18.845,-156.07,-10.138092,0.4959042
2025-09-02T10:00:00Z,18.845,-156.01,-10.441147,0.030798461
2025-09-02T10:00:00Z,18.845,-155.95,-10.578917,-0.52077526
2025-09-02T10:00:00Z,18.845,-155.89,-10.452405,-1.0856817
2025-09-02T10:00:00Z,18.845,-155.83,-10.0931835,-1.6397176
2025-09-02T10:00:00Z,18.845,-155.77,-9.652187,-2.1073163
2025-09-02T10:00:00Z,18.845,-155.71,-9.215733,-2.4572349
2025-09-02T10:00:00Z,18.845,-155.65,-8.806774,-2.6665485
2025-09-02T10:00:00Z,18.845,-155.59,-8.392514,-2.6923745
2025-09-02T10:00:00Z,18.845,-155.53,-7.947557,-2.6925704
2025-09-02T10:00:00Z,18.845,-155.47,-7.4944453,-2.795818
2025-09-02T10:00:00Z,18.845,-155.41,-7.1263843,-2.9012296
2025-09-02T10:00:00Z,18.845,-155.35,-6.930482,-2.9552288
2025-09-02T10:00:00Z,18.845,-155.29,-6.862034,-2.9451156
2025-09-02T10:00:00Z,18.845,-155.23,-6.7713118,-2.9496279
2025-09-02T10:00:00Z,18.845,-155.17,-6.594264,-3.0110404
2025-09-02T10:00:00Z,18.845,-155.11,-6.394388,-3.085392
2025-09-02T10:00:00Z,18.845,-155.05,-6.238812,-3.1042564
2025-09-02T10:00:00Z,18.845,-154.99,-6.0759087,-3.083809
2025-09-02T10:00:00Z,18.845,-154.93,-5.9577646,-3.036688
2025-09-02T10:00:00Z,18.845,-154.87,-5.9469104,-2.940692
2025-09-02T10:00:00Z,18.845,-154.81,-6.0954666,-2.784637
2025-09-02T10:00:00Z,18.845,-154.75,-6.209428,-2.7322574
2025-09-02T10:00:00Z,18.845,-154.69,-6.0993505,-2.8421013
2025-09-02T10:00:00Z,18.845,-154.63,-5.779809,-2.966279
2025-09-02T10:00:00Z,18.9,-156.19,-10.22187,2.4066873
2025-09-02T10:00:00Z,18.9,-156.13,-10.309067,1.9301299
2025-09-02T10:00:00Z,18.9,-156.07,-10.542244,1.3326234
2025-09-02T10:00:00Z,18.9,-156.01,-10.836322,0.7551292
2025-09-02T10:00:00Z,18.9,-155.95,-10.985046,0.09120952
2025-09-02T10:00:00Z,18.9,-155.89,-10.804216,-0.6242851
2025-09-02T10:00:00Z,18.9,-155.83,-10.237323,-1.4687877
2025-09-02T10:00:00Z,18.9,-155.77,-9.462913,-2.294216
2025-09-02T10:00:00Z,18.9,-155.71,-8.651069,-2.9577072
2025-09-02T10:00:00Z,18.9,-155.65,-8.180426,-3.521603
2025-09-02T10:00:00Z,18.9,-155.59,-8.045563,-3.6230588
2025-09-02T10:00:00Z,18.9,-155.53,-7.7258887,-3.2476609
2025-09-02T10:00:00Z,18.9,-155.47,-7.367687,-3.0753024
2025-09-02T10:00:00Z,18.9,-155.41,-7.088837,-3.0360157
2025-09-02T10:00:00Z,18.9,-155.35,-6.9087167,-3.0636854
2025-09-02T10:00:00Z,18.9,-155.29,-6.815208,-3.0877404
2025-09-02T10:00:00Z,18.9,-155.23,-6.742386,-3.0795605
2025-09-02T10:00:00Z,18.9,-155.17,-6.6052976,-3.097239
2025-09-02T10:00:00Z,18.9,-155.11,-6.394196,-3.1635945
2025-09-02T10:00:00Z,18.9,-155.05,-6.1932664,-3.2183304
2025-09-02T10:00:00Z,18.9,-154.99,-6.039933,-3.2536738
2025-09-02T10:00:00Z,18.9,-154.93,-5.9342275,-3.2819982
2025-09-02T10:00:00Z,18.9,-154.87,-5.8893085,-3.281796
2025-09-02T10:00:00Z,18.9,-154.81,-5.9306197,-3.1151083
2025-09-02T10:00:00Z,18.9,-154.75,-6.0231338,-2.7982836
2025-09-02T10:00:00Z,18.9,-154.69,-5.9990993,-2.544611
2025-09-02T10:00:00Z,18.9,-154.63,-5.730022,-2.5359712
2025-09-02T10:00:00Z,18.955,-156.19,-10.379738,3.68761
2025-09-02T10:00:00Z,18.955,-156.13,-10.60442,3.358146
2025-09-02T10:00:00Z,18.955,-156.07,-10.887741,2.8601532
2025-09-02T10:00:00Z,18.955,-156.01,-11.04602,2.2953959
2025-09-02T10:00:00Z,18.955,-155.95,-11.04364,1.6775926
2025-09-02T10:00:00Z,18.955,-155.89,-10.596582,0.78108734
2025-09-02T10:00:00Z,18.955,-155.83,-9.637508,-0.39555356
2025-09-02T10:00:00Z,18.955,-155.77,-8.4628725,-1.6553354
2025-09-02T10:00:00Z,18.955,-155.71,-7.2073565,-2.6634607
2025-09-02T10:00:00Z,18.955,-155.65,-6.564457,-3.7587187
2025-09-02T10:00:00Z,18.955,-155.59,-6.906419,-4.4307575
2025-09-02T10:00:00Z,18.955,-155.53,-7.205829,-4.105755
2025-09-02T10:00:00Z,18.955,-155.47,-7.09239,-3.7257571
2025-09-02T10:00:00Z,18.955,-155.41,-6.8755345,-3.5755682
2025-09-02T10:00:00Z,18.955,-155.35,-6.7538013,-3.4335413
2025-09-02T10:00:00Z,18.955,-155.29,-6.6971083,-3.3100846
2025-09-02T10:00:00Z,18.955,-155.23,-6.650939,-3.2075326
2025-09-02T10:00:00Z,18.955,-155.17,-6.5726585,-3.1464794
2025-09-02T10:00:00Z,18.955,-155.11,-6.412752,-3.1667883
2025-09-02T10:00:00Z,18.955,-155.05,-6.212141,-3.2366502
2025-09-02T10:00:00Z,18.955,-154.99,-6.064387,-3.274747
2025-09-02T10:00:00Z,18.955,-154.93,-5.956841,-3.248617
2025-09-02T10:00:00Z,18.955,-154.87,-5.861816,-3.2017536
2025-09-02T10:00:00Z,18.955,-154.81,-5.788674,-3.0718482
2025-09-02T10:00:00Z,18.955,-154.75,-5.790214,-2.8358605
2025-09-02T10:00:00Z,18.955,-154.69,-5.789764,-2.562578
2025-09-02T10:00:00Z,18.955,-154.63,-5.627906,-2.3752778
2025-09-02T10:00:00Z,19.01,-156.19,-10.1028385,4.9340863
2025-09-02T10:00:00Z,19.01,-156.13,-10.3326845,4.78354
2025-09-02T10:00:00Z,19.01,-156.07,-10.438645,4.4839582
2025-09-02T10:00:00Z,19.01,-156.01,-10.065984,3.893667
2025-09-02T10:00:00Z,19.01,-155.95,-9.36805,2.944294
2025-09-02T10:00:00Z,19.01,-155.89,-8.273677,1.4964472
2025-09-02T10:00:00Z,19.01,-155.83,-6.908197,0.12224882
2025-09-02T10:00:00Z,19.01,-155.77,-6.0783057,-1.137146
2025-09-02T10:00:00Z,19.01,-155.71,-5.34855,-2.1193428
2025-09-02T10:00:00Z,19.01,-155.65,-4.5680437,-3.071525
2025-09-02T10:00:00Z,19.01,-155.59,-4.9373946,-4.0996313
2025-09-02T10:00:00Z,19.01,-155.53,-6.071038,-4.304275
2025-09-02T10:00:00Z,19.01,-155.47,-6.8181033,-4.120427
2025-09-02T10:00:00Z,19.01,-155.41,-6.722142,-4.11944
2025-09-02T10:00:00Z,19.01,-155.35,-6.4880567,-4.103408
2025-09-02T10:00:00Z,19.01,-155.29,-6.4156575,-3.9301217
2025-09-02T10:00:00Z,19.01,-155.23,-6.4283247,-3.7128568
2025-09-02T10:00:00Z,19.01,-155.17,-6.458108,-3.498361
2025-09-02T10:00:00Z,19.01,-155.11,-6.400023,-3.370259
2025-09-02T10:00:00Z,19.01,-155.05,-6.2271676,-3.343468
2025-09-02T10:00:00Z,19.01,-154.99,-6.033593,-3.325126
2025-09-02T10:00:00Z,19.01,-154.93,-5.88161,-3.2367496
2025-09-02T10:00:00Z,19.01,-154.87,-5.7755146,-3.112417
2025-09-02T10:00:00Z,19.01,-154.81,-5.7116146,-2.9534369
2025-09-02T10:00:00Z,19.01,-154.75,-5.6748023,-2.7749243
2025-09-02T10:00:00Z,19.01,-154.69,-5.6238685,-2.5608284
2025-09-02T10:00:00Z,19.01,-154.63,-5.4919214,-2.350917
2025-09-02T10:00:00Z,19.065,-156.19,-9.140992,5.770103
2025-09-02T10:00:00Z,19.065,-156.13,-9.107215,5.6234694
2025-09-02T10:00:00Z,19.065,-156.07,-8.619612,5.2278876
2025-09-02T10:00:00Z,19.065,-156.01,-7.496658,4.2320347
2025-09-02T10:00:00Z,19.065,-155.95,-5.8016768,2.2105443
2025-09-02T10:00:00Z,19.065,-155.89,-4.0038614,0.0680549
2025-09-02T10:00:00Z,19.065,-155.83,-2.8690407,-1.091365
2025-09-02T10:00:00Z,19.065,-155.77,-3.1554868,-1.5745806
2025-09-02T10:00:00Z,19.065,-155.71,-3.8126688,-1.9621767
2025-09-02T10:00:00Z,19.065,-155.65,-3.3187134,-2.2992458
2025-09-02T10:00:00Z,19.065,-155.59,-2.9365993,-2.721565
2025-09-02T10:00:00Z,19.065,-155.53,-4.282915,-3.3286705
2025-09-02T10:00:00Z,19.065,-155.47,-6.1713448,-3.6524332
2025-09-02T10:00:00Z,19.065,-155.41,-6.756652,-3.9548914
2025-09-02T10:00:00Z,19.065,-155.35,-6.439903,-4.3834934
2025-09-02T10:00:00Z,19.065,-155.29,-6.1271257,-4.562902
2025-09-02T10:00:00Z,19.065,-155.23,-6.0325565,-4.490315
2025-09-02T10:00:00Z,19.065,-155.17,-6.091285,-4.221249
2025-09-02T10:00:00Z,19.065,-155.11,-6.180407,-3.8759656
2025-09-02T10:00:00Z,19.065,-155.05,-6.1530538,-3.6180716
2025-09-02T10:00:00Z,19.065,-154.99,-6.0052557,-3.482843
2025-09-02T10:00:00Z,19.065,-154.93,-5.801852,-3.379473
2025-09-02T10:00:00Z,19.065,-154.87,-5.6761436,-3.236218
2025-09-02T10:00:00Z,19.065,-154.81,-5.5985074,-3.0347667
2025-09-02T10:00:00Z,19.065,-154.75,-5.5564666,-2.791788
2025-09-02T10:00:00Z,19.065,-154.69,-5.5099792,-2.5382342
2025-09-02T10:00:00Z,19.065,-154.63,-5.4074726,-2.3360093
2025-09-02T10:00:00Z,19.12,-156.19,-7.6768384,6.1494865
2025-09-02T10:00:00Z,19.12,-156.13,-7.181236,5.7425513
2025-09-02T10:00:00Z,19.12,-156.07,-6.0792375,4.8380184
2025-09-02T10:00:00Z,19.12,-156.01,-4.5123773,3.0132258
2025-09-02T10:00:00Z,19.12,-155.95,-2.7811935,0.39883336
2025-09-02T10:00:00Z,19.12,-155.89,-1.2700659,-1.4884644
2025-09-02T10:00:00Z,19.12,-155.83,-0.41242984,-1.9992176
2025-09-02T10:00:00Z,19.12,-155.77,-1.1268324,-1.8920029
2025-09-02T10:00:00Z,19.12,-155.71,-2.307892,-1.7915726
2025-09-02T10:00:00Z,19.12,-155.65,-2.3601916,-1.6421839
2025-09-02T10:00:00Z,19.12,-155.59,-1.729453,-1.322633
2025-09-02T10:00:00Z,19.12,-155.53,-2.2653337,-1.6000999
2025-09-02T10:00:00Z,19.12,-155.47,-4.3938394,-2.30538
2025-09-02T10:00:00Z,19.12,-155.41,-6.1316924,-2.8860226
2025-09-02T10:00:00Z,19.12,-155.35,-6.423628,-3.7001286
2025-09-02T10:00:00Z,19.12,-155.29,-5.946831,-4.441056
2025-09-02T10:00:00Z,19.12,-155.23,-5.5972776,-4.8757677
2025-09-02T10:00:00Z,19.12,-155.17,-5.466831,-4.94149
2025-09-02T10:00:00Z,19.12,-155.11,-5.538955,-4.63668
2025-09-02T10:00:00Z,19.12,-155.05,-5.7458487,-4.1340566
2025-09-02T10:00:00Z,19.12,-154.99,-5.864985,-3.7300172
2025-09-02T10:00:00Z,19.12,-154.93,-5.7523704,-3.5165293
2025-09-02T10:00:00Z,19.12,-154.87,-5.5823755,-3.3529937
2025-09-02T10:00:00Z,19.12,-154.81,-5.480532,-3.1356828
2025-09-02T10:00:00Z,19.12,-154.75,-5.418397,-2.8778698
2025-09-02T10:00:00Z,19.12,-154.69,-5.381617,-2.587158
2025-09-02T10:00:00Z,19.12,-154.63,-5.33206,-2.3356802
2025-09-02T10:00:00Z,19.175,-156.19,-6.0243325,6.0522923
2025-09-02T10:00:00Z,19.175,-156.13,-5.2141585,5.2529263
2025-09-02T10:00:00Z,19.175,-156.07,-3.9959445,3.687885
2025-09-02T10:00:00Z,19.175,-156.01,-2.7680478,1.3763727
2025-09-02T10:00:00Z,19.175,-155.95,-1.975267,-0.5872018
2025-09-02T10:00:00Z,19.175,-155.89,-1.0452956,-1.2453599
2025-09-02T10:00:00Z,19.175,-155.83,-0.011819411,-1.5308878
2025-09-02T10:00:00Z,19.175,-155.77,-0.019543888,-1.7041813
2025-09-02T10:00:00Z,19.175,-155.71,-1.0578676,-1.510334
2025-09-02T10:00:00Z,19.175,-155.65,-1.342657,-1.0456456
2025-09-02T10:00:00Z,19.175,-155.59,-0.5874045,-0.20028564
2025-09-02T10:00:00Z,19.175,-155.53,-0.1760831,0.03157903
2025-09-02T10:00:00Z,19.175,-155.47,-1.4213259,-0.50649154
2025-09-02T10:00:00Z,19.175,-155.41,-3.726877,-1.259528
2025-09-02T10:00:00Z,19.175,-155.35,-5.2397256,-2.2134762
2025-09-02T10:00:00Z,19.175,-155.29,-5.3475046,-3.2784126
2025-09-02T10:00:00Z,19.175,-155.23,-5.0982485,-4.281864
2025-09-02T10:00:00Z,19.175,-155.17,-4.848361,-5.0337963
2025-09-02T10:00:00Z,19.175,-155.11,-4.6212425,-5.29527
2025-09-02T10:00:00Z,19.175,-155.05,-4.7761497,-4.880143
2025-09-02T10:00:00Z,19.175,-154.99,-5.309558,-4.1569657
2025-09-02T10:00:00Z,19.175,-154.93,-5.5689235,-3.6440482
2025-09-02T10:00:00Z,19.175,-154.87,-5.469443,-3.3898525
2025-09-02T10:00:00Z,19.175,-154.81,-5.339943,-3.1705992
2025-09-02T10:00:00Z,19.175,-154.75,-5.2774954,-2.9008908
2025-09-02T10:00:00Z,19.175,-154.69,-5.22464,-2.625155
2025-09-02T10:00:00Z,19.175,-154.63,-5.214842,-2.3450184
2025-09-02T10:00:00Z,19.23,-156.19,-4.4722605,5.547774
2025-09-02T10:00:00Z,19.23,-156.13,-3.6824508,4.3150954
2025-09-02T10:00:00Z,19.23,-156.07,-2.7664175,2.3074207
2025-09-02T10:00:00Z,19.23,-156.01,-2.2814634,0.18471943
2025-09-02T10:00:00Z,19.23,-155.95,-2.0650237,-0.69640774
2025-09-02T10:00:00Z,19.23,-155.89,-1.2031626,-0.5286909
2025-09-02T10:00:00Z,19.23,-155.83,-0.013928983,-1.057071
2025-09-02T10:00:00Z,19.23,-155.77,0.14732398,-1.8264737
2025-09-02T10:00:00Z,19.23,-155.71,-0.57439536,-1.7181077
2025-09-02T10:00:00Z,19.23,-155.65,-0.7370206,-0.9887983
2025-09-02T10:00:00Z,19.23,-155.59,0.042684674,0.18274362
2025-09-02T10:00:00Z,19.23,-155.53,1.0524462,1.0762117
2025-09-02T10:00:00Z,19.23,-155.47,1.0490845,0.8250938
2025-09-02T10:00:00Z,19.23,-155.41,-0.37362722,0.040932577
2025-09-02T10:00:00Z,19.23,-155.35,-2.0857496,-0.9161886
2025-09-02T10:00:00Z,19.23,-155.29,-3.1303911,-1.8966877
2025-09-02T10:00:00Z,19.23,-155.23,-3.6298976,-3.085891
2025-09-02T10:00:00Z,19.23,-155.17,-3.7527225,-4.354656
2025-09-02T10:00:00Z,19.23,-155.11,-3.5369585,-5.510564
2025-09-02T10:00:00Z,19.23,-155.05,-3.4298353,-5.5798316
2025-09-02T10:00:00Z,19.23,-154.99,-4.0674543,-4.812894
2025-09-02T10:00:00Z,19.23,-154.93,-4.9237566,-3.934972
2025-09-02T10:00:00Z,19.23,-154.87,-5.235039,-3.395815
2025-09-02T10:00:00Z,19.23,-154.81,-5.1652455,-3.1317062
2025-09-02T10:00:00Z,19.23,-154.75,-5.0938334,-2.8727303
2025-09-02T10:00:00Z,19.23,-154.69,-5.0561504,-2.603021
2025-09-02T10:00:00Z,19.23,-154.63,-5.0571165,-2.3365448
2025-09-02T10:00:00Z,19.285,-156.19,-3.2397416,4.730836
2025-09-02T10:00:00Z,19.285,-156.13,-2.6808872,3.127726
2025-09-02T10:00:00Z,19.285,-156.07,-2.1830204,1.1762716
2025-09-02T10:00:00Z,19.285,-156.01,-2.0943854,-0.4225123
2025-09-02T10:00:00Z,19.285,-155.95,-1.9364026,-0.8055219
2025-09-02T10:00:00Z,19.285,-155.89,-1.1000818,-0.47577888
2025-09-02T10:00:00Z,19.285,-155.83,-0.14636043,-0.81974316
2025-09-02T10:00:00Z,19.285,-155.77,-0.07516161,-1.7351799
2025-09-02T10:00:00Z,19.285,-155.71,-0.6276601,-1.8790114
2025-09-02T10:00:00Z,19.285,-155.65,-0.8772762,-1.5393801
2025-09-02T10:00:00Z,19.285,-155.59,-0.4792382,-0.839856
2025-09-02T10:00:00Z,19.285,-155.53,0.53132266,0.63367355
2025-09-02T10:00:00Z,19.285,-155.47,1.5306964,1.3836479
2025-09-02T10:00:00Z,19.285,-155.41,1.644898,0.7165669
2025-09-02T10:00:00Z,19.285,-155.35,0.83956546,-0.36889255
2025-09-02T10:00:00Z,19.285,-155.29,-0.50799626,-1.4394017
2025-09-02T10:00:00Z,19.285,-155.23,-1.7654704,-2.5525615
2025-09-02T10:00:00Z,19.285,-155.17,-2.3774455,-3.817495
2025-09-02T10:00:00Z,19.285,-155.11,-2.2056615,-5.0678945
2025-09-02T10:00:00Z,19.285,-155.05,-1.8358779,-5.5724635
2025-09-02T10:00:00Z,19.285,-154.99,-2.226224,-5.346311
2025-09-02T10:00:00Z,19.285,-154.93,-3.5492537,-4.4326973
2025-09-02T10:00:00Z,19.285,-154.87,-4.608967,-3.5297034
2025-09-02T10:00:00Z,19.285,-154.81,-4.912284,-3.070658
2025-09-02T10:00:00Z,19.285,-154.75,-4.8687034,-2.8234117
2025-09-02T10:00:00Z,19.285,-154.69,-4.858355,-2.553396
2025-09-02T10:00:00Z,19.285,-154.63,-4.8682747,-2.2996924
2025-09-02T10:00:00Z,19.34,-156.19,-2.3650894,3.8592632
2025-09-02T10:00:00Z,19.34,-156.13,-2.0116582,2.2281604
2025-09-02T10:00:00Z,19.34,-156.07,-1.889709,0.6252125
2025-09-02T10:00:00Z,19.34,-156.01,-2.0125546,-0.42644992
2025-09-02T10:00:00Z,19.34,-155.95,-1.8869826,-0.92683494
2025-09-02T10:00:00Z,19.34,-155.89,-1.149708,-0.8427336
2025-09-02T10:00:00Z,19.34,-155.83,-0.44241327,-0.75449735
2025-09-02T10:00:00Z,19.34,-155.77,-0.2889875,-1.1316698
2025-09-02T10:00:00Z,19.34,-155.71,-0.80628014,-1.5580881
2025-09-02T10:00:00Z,19.34,-155.65,-1.4517267,-2.1704824
2025-09-02T10:00:00Z,19.34,-155.59,-1.3806401,-2.6552005
2025-09-02T10:00:00Z,19.34,-155.53,-0.4851568,-1.4255484
2025-09-02T10:00:00Z,19.34,-155.47,0.62383115,0.77893627
2025-09-02T10:00:00Z,19.34,-155.41,1.595578,1.1425685
2025-09-02T10:00:00Z,19.34,-155.35,1.57841,-0.11887059
2025-09-02T10:00:00Z,19.34,-155.29,0.24629827,-1.7788265
2025-09-02T10:00:00Z,19.34,-155.23,-1.0618778,-2.8943222
2025-09-02T10:00:00Z,19.34,-155.17,-1.2918279,-3.432546
2025-09-02T10:00:00Z,19.34,-155.11,-0.7457959,-4.124414
2025-09-02T10:00:00Z,19.34,-155.05,-0.20153056,-4.561999
2025-09-02T10:00:00Z,19.34,-154.99,-0.29646719,-4.843799
2025-09-02T10:00:00Z,19.34,-154.93,-1.4712967,-4.7346096
2025-09-02T10:00:00Z,19.34,-154.87,-3.32651,-3.8081045
2025-09-02T10:00:00Z,19.34,-154.81,-4.4363465,-3.0251586
2025-09-02T10:00:00Z,19.34,-154.75,-4.624098,-2.6972733
2025-09-02T10:00:00Z,19.34,-154.69,-4.6240416,-2.4543984
2025-09-02T10:00:00Z,19.34,-154.63,-4.6585765,-2.213088
2025-09-02T10:00:00Z,19.395,-156.19,-1.8288629,3.343905
2025-09-02T10:00:00Z,19.395,-156.13,-1.6286119,1.8991774
2025-09-02T10:00:00Z,19.395,-156.07,-1.7699901,0.695086
2025-09-02T10:00:00Z,19.395,-156.01,-2.008879,-0.2072709
2025-09-02T10:00:00Z,19.395,-155.95,-1.7700595,-0.9859173
2025-09-02T10:00:00Z,19.395,-155.89,-1.090963,-1.3302683
2025-09-02T10:00:00Z,19.395,-155.83,-0.49994582,-0.96302736
2025-09-02T10:00:00Z,19.395,-155.77,-0.23413888,-0.673415
2025-09-02T10:00:00Z,19.395,-155.71,-0.99261355,-1.0081507
2025-09-02T10:00:00Z,19.395,-155.65,-2.272756,-1.9801325
2025-09-02T10:00:00Z,19.395,-155.59,-2.082844,-3.3376257
2025-09-02T10:00:00Z,19.395,-155.53,-0.67130107,-3.3741715
2025-09-02T10:00:00Z,19.395,-155.47,0.31655043,-1.0041108
2025-09-02T10:00:00Z,19.395,-155.41,0.9212765,0.87378114
2025-09-02T10:00:00Z,19.395,-155.35,0.8754265,-0.1963715
2025-09-02T10:00:00Z,19.395,-155.29,-0.27754095,-2.2096353
2025-09-02T10:00:00Z,19.395,-155.23,-1.0605546,-3.0502114
2025-09-02T10:00:00Z,19.395,-155.17,-0.59089965,-3.0275235
2025-09-02T10:00:00Z,19.395,-155.11,0.30936447,-3.1258178
2025-09-02T10:00:00Z,19.395,-155.05,0.9043962,-3.2386184
2025-09-02T10:00:00Z,19.395,-154.99,1.1072652,-3.4979537
2025-09-02T10:00:00Z,19.395,-154.93,0.4584563,-3.8359783
2025-09-02T10:00:00Z,19.395,-154.87,-1.5962726,-3.497796
2025-09-02T10:00:00Z,19.395,-154.81,-3.6343188,-2.8841238
2025-09-02T10:00:00Z,19.395,-154.75,-4.3166943,-2.52865
2025-09-02T10:00:00Z,19.395,-154.69,-4.3890467,-2.2806597
2025-09-02T10:00:00Z,19.395,-154.63,-4.4478602,-2.0699542
2025-09-02T10:00:00Z,19.45,-156.19,-1.4816728,3.0723457
2025-09-02T10:00:00Z,19.45,-156.13,-1.4933245,2.0191603
2025-09-02T10:00:00Z,19.45,-156.07,-1.8247578,1.022954
2025-09-02T10:00:00Z,19.45,-156.01,-1.9793,0.013147939
2025-09-02T10:00:00Z,19.45,-155.95,-1.4872376,-0.941295
2025-09-02T10:00:00Z,19.45,-155.89,-0.704355,-1.5286558
2025-09-02T10:00:00Z,19.45,-155.83,-0.17949617,-1.3985066
2025-09-02T10:00:00Z,19.45,-155.77,-0.12643051,-1.1639967
2025-09-02T10:00:00Z,19.45,-155.71,-1.4561548,-1.1678058
2025-09-02T10:00:00Z,19.45,-155.65,-3.1645036,-1.2387817
2025-09-02T10:00:00Z,19.45,-155.59,-2.7909615,-2.1448805
2025-09-02T10:00:00Z,19.45,-155.53,-0.48409948,-3.230013
2025-09-02T10:00:00Z,19.45,-155.47,1.0680739,-2.4710846
2025-09-02T10:00:00Z,19.45,-155.41,1.2363849,-0.7986044
2025-09-02T10:00:00Z,19.45,-155.35,0.51807827,-1.354489
2025-09-02T10:00:00Z,19.45,-155.29,-0.5834838,-2.8304787
2025-09-02T10:00:00Z,19.45,-155.23,-0.7865354,-2.9640598
2025-09-02T10:00:00Z,19.45,-155.17,0.11140125,-2.6087313
2025-09-02T10:00:00Z,19.45,-155.11,1.0086412,-2.2818193
2025-09-02T10:00:00Z,19.45,-155.05,1.5636147,-2.1387649
2025-09-02T10:00:00Z,19.45,-154.99,1.8356911,-1.9981768
2025-09-02T10:00:00Z,19.45,-154.93,1.5720317,-2.3315375
2025-09-02T10:00:00Z,19.45,-154.87,-0.39836708,-2.4867394
2025-09-02T10:00:00Z,19.45,-154.81,-2.87429,-2.4888744
2025-09-02T10:00:00Z,19.45,-154.75,-3.9805748,-2.3014464
2025-09-02T10:00:00Z,19.45,-154.69,-4.1598744,-2.0739233
2025-09-02T10:00:00Z,19.45,-154.63,-4.261261,-1.8835833
2025-09-02T10:00:00Z,19.505,-156.19,-1.0314629,2.780751
2025-09-02T10:00:00Z,19.505,-156.13,-1.4048946,2.0346513
2025-09-02T10:00:00Z,19.505,-156.07,-2.006488,1.1496102
2025-09-02T10:00:00Z,19.505,-156.01,-2.061536,0.050023284
2025-09-02T10:00:00Z,19.505,-155.95,-1.2155536,-0.9432351
2025-09-02T10:00:00Z,19.505,-155.89,-0.2711845,-1.5260633
2025-09-02T10:00:00Z,19.505,-155.83,-0.005451328,-1.8585228
2025-09-02T10:00:00Z,19.505,-155.77,-0.6702673,-2.2716296
2025-09-02T10:00:00Z,19.505,-155.71,-2.1617942,-2.1100032
2025-09-02T10:00:00Z,19.505,-155.65,-3.588005,-1.1109598
2025-09-02T10:00:00Z,19.505,-155.59,-3.2219348,-0.5523375
2025-09-02T10:00:00Z,19.505,-155.53,-0.7389512,-1.2800717
2025-09-02T10:00:00Z,19.505,-155.47,1.6104938,-2.089636
2025-09-02T10:00:00Z,19.505,-155.41,2.0864568,-2.1169896
2025-09-02T10:00:00Z,19.505,-155.35,1.0569003,-2.7169788
2025-09-02T10:00:00Z,19.505,-155.29,-0.15149523,-3.277148
2025-09-02T10:00:00Z,19.505,-155.23,-0.1814177,-2.8834481
2025-09-02T10:00:00Z,19.505,-155.17,0.707684,-2.2464745
2025-09-02T10:00:00Z,19.505,-155.11,1.5329727,-1.6277612
2025-09-02T10:00:00Z,19.505,-155.05,1.9969798,-1.176036
2025-09-02T10:00:00Z,19.505,-154.99,2.256669,-0.94128036
2025-09-02T10:00:00Z,19.505,-154.93,1.915498,-0.994392
2025-09-02T10:00:00Z,19.505,-154.87,0.20297717,-1.5430018
2025-09-02T10:00:00Z,19.505,-154.81,-2.469338,-2.056635
2025-09-02T10:00:00Z,19.505,-154.75,-3.7169383,-1.9938424
2025-09-02T10:00:00Z,19.505,-154.69,-3.9637487,-1.8353418
2025-09-02T10:00:00Z,19.505,-154.63,-4.111084,-1.6795747
2025-09-02T10:00:00Z,19.56,-156.19,-0.37403077,2.6034162
2025-09-02T10:00:00Z,19.56,-156.13,-1.3352604,1.7975521
2025-09-02T10:00:00Z,19.56,-156.07,-2.2749293,0.90149605
2025-09-02T10:00:00Z,19.56,-156.01,-2.2615163,-0.070765086
2025-09-02T10:00:00Z,19.56,-155.95,-1.0173843,-0.9608032
2025-09-02T10:00:00Z,19.56,-155.89,0.093221985,-1.716407
2025-09-02T10:00:00Z,19.56,-155.83,-0.2670122,-2.6658974
2025-09-02T10:00:00Z,19.56,-155.77,-1.5173503,-3.0462627
2025-09-02T10:00:00Z,19.56,-155.71,-2.5774717,-2.5659854
2025-09-02T10:00:00Z,19.56,-155.65,-2.911846,-1.193176
2025-09-02T10:00:00Z,19.56,-155.59,-2.3512464,0.2742989
2025-09-02T10:00:00Z,19.56,-155.53,-0.6654541,0.46916535
2025-09-02T10:00:00Z,19.56,-155.47,1.3394575,-0.61103576
2025-09-02T10:00:00Z,19.56,-155.41,2.0687482,-1.8199797
2025-09-02T10:00:00Z,19.56,-155.35,1.3500209,-2.710593
2025-09-02T10:00:00Z,19.56,-155.29,0.48687407,-2.8821456
2025-09-02T10:00:00Z,19.56,-155.23,0.46555704,-2.3586156
2025-09-02T10:00:00Z,19.56,-155.17,1.2212882,-1.6853658
2025-09-02T10:00:00Z,19.56,-155.11,1.9459788,-1.0422724
2025-09-02T10:00:00Z,19.56,-155.05,2.3065372,-0.45407036
2025-09-02T10:00:00Z,19.56,-154.99,2.4040346,-0.17307022
2025-09-02T10:00:00Z,19.56,-154.93,1.9161422,-0.3931596
2025-09-02T10:00:00Z,19.56,-154.87,-0.02523624,-0.95621294
2025-09-02T10:00:00Z,19.56,-154.81,-2.456958,-1.5752254
2025-09-02T10:00:00Z,19.56,-154.75,-3.5393639,-1.6368222
2025-09-02T10:00:00Z,19.56,-154.69,-3.8280861,-1.571385
2025-09-02T10:00:00Z,19.56,-154.63,-3.9911213,-1.4980363
2025-09-02T10:00:00Z,19.615,-156.19,0.49444598,2.9265962
2025-09-02T10:00:00Z,19.615,-156.13,-1.2308242,1.7055367
2025-09-02T10:00:00Z,19.615,-156.07,-2.395088,0.6175197
2025-09-02T10:00:00Z,19.615,-156.01,-2.077924,-0.14099239
2025-09-02T10:00:00Z,19.615,-155.95,-0.78847337,-0.9898553
2025-09-02T10:00:00Z,19.615,-155.89,-0.07963424,-2.3808544
2025-09-02T10:00:00Z,19.615,-155.83,-0.46770066,-3.6282024
2025-09-02T10:00:00Z,19.615,-155.77,-1.2512932,-3.3186936
2025-09-02T10:00:00Z,19.615,-155.71,-1.7346752,-2.005305
2025-09-02T10:00:00Z,19.615,-155.65,-1.3781966,-0.57165223
2025-09-02T10:00:00Z,19.615,-155.59,-0.41640353,0.55420953
2025-09-02T10:00:00Z,19.615,-155.53,0.47880042,0.71587133
2025-09-02T10:00:00Z,19.615,-155.47,1.0514861,0.022607172
2025-09-02T10:00:00Z,19.615,-155.41,0.9344701,-0.87306046
2025-09-02T10:00:00Z,19.615,-155.35,0.59983665,-1.528253
2025-09-02T10:00:00Z,19.615,-155.29,0.61519396,-1.729715
2025-09-02T10:00:00Z,19.615,-155.23,0.9483319,-1.4522228
2025-09-02T10:00:00Z,19.615,-155.17,1.6440899,-0.96659875
2025-09-02T10:00:00Z,19.615,-155.11,2.3406637,-0.493286
2025-09-02T10:00:00Z,19.615,-155.05,2.5207458,0.0313119
2025-09-02T10:00:00Z,19.615,-154.99,2.1725004,0.22577247
2025-09-02T10:00:00Z,19.615,-154.93,1.3430312,-0.08845149
2025-09-02T10:00:00Z,19.615,-154.87,-0.7249252,-0.62689143
2025-09-02T10:00:00Z,19.615,-154.81,-2.7868545,-1.1453949
2025-09-02T10:00:00Z,19.615,-154.75,-3.4891956,-1.269958
2025-09-02T10:00:00Z,19.615,-154.69,-3.7464118,-1.2954317
2025-09-02T10:00:00Z,19.615,-154.63,-3.9160457,-1.3158492
2025-09-02T10:00:00Z,19.67,-156.19,1.5135463,3.8567193
2025-09-02T10:00:00Z,19.67,-156.13,-0.7416878,2.2346473
2025-09-02T10:00:00Z,19.67,-156.07,-2.1148348,0.82262087
2025-09-02T10:00:00Z,19.67,-156.01,-1.6771108,0.10192712
2025-09-02T10:00:00Z,19.67,-155.95,-0.7894506,-0.9597211
2025-09-02T10:00:00Z,19.67,-155.89,-0.6458509,-2.6898277
2025-09-02T10:00:00Z,19.67,-155.83,-0.3579028,-3.6068487
2025-09-02T10:00:00Z,19.67,-155.77,0.22952107,-2.7224767
2025-09-02T10:00:00Z,19.67,-155.71,0.081665725,-1.0611138
2025-09-02T10:00:00Z,19.67,-155.65,0.12001794,0.33175263
2025-09-02T10:00:00Z,19.67,-155.59,0.81057256,0.8304545
2025-09-02T10:00:00Z,19.67,-155.53,1.236804,0.40157017
2025-09-02T10:00:00Z,19.67,-155.47,0.7994798,-0.28679353
2025-09-02T10:00:00Z,19.67,-155.41,-0.13245744,-0.5921729
2025-09-02T10:00:00Z,19.67,-155.35,-0.38310403,-0.6484999
2025-09-02T10:00:00Z,19.67,-155.29,0.32734528,-0.84925336
2025-09-02T10:00:00Z,19.67,-155.23,1.1560122,-0.8056695
2025-09-02T10:00:00Z,19.67,-155.17,1.8576972,-0.47661924
2025-09-02T10:00:00Z,19.67,-155.11,2.4299812,-0.14683495
2025-09-02T10:00:00Z,19.67,-155.05,2.5425415,0.24964151
2025-09-02T10:00:00Z,19.67,-154.99,2.1352549,0.5001667
2025-09-02T10:00:00Z,19.67,-154.93,0.8306316,0.3229938
2025-09-02T10:00:00Z,19.67,-154.87,-1.5012834,-0.24484494
2025-09-02T10:00:00Z,19.67,-154.81,-3.05016,-0.69654113
2025-09-02T10:00:00Z,19.67,-154.75,-3.4791663,-0.9203227
2025-09-02T10:00:00Z,19.67,-154.69,-3.699726,-1.0175068
2025-09-02T10:00:00Z,19.67,-154.63,-3.8746073,-1.0992825
2025-09-02T10:00:00Z,19.725,-156.19,2.4273748,4.999251
2025-09-02T10:00:00Z,19.725,-156.13,0.2838052,3.4511461
2025-09-02T10:00:00Z,19.725,-156.07,-1.4569246,1.8245703
2025-09-02T10:00:00Z,19.725,-156.01,-1.2342819,0.9994322
2025-09-02T10:00:00Z,19.725,-155.95,-0.66267127,0.014233008
2025-09-02T10:00:00Z,19.725,-155.89,-0.52360207,-1.3157021
2025-09-02T10:00:00Z,19.725,-155.83,0.3067249,-1.6419415
2025-09-02T10:00:00Z,19.725,-155.77,1.4037704,-1.1086515
2025-09-02T10:00:00Z,19.725,-155.71,1.2347646,0.0060983063
2025-09-02T10:00:00Z,19.725,-155.65,0.6113979,0.89084285
2025-09-02T10:00:00Z,19.725,-155.59,0.5980388,0.705312
2025-09-02T10:00:00Z,19.725,-155.53,0.49900335,-0.39351448
2025-09-02T10:00:00Z,19.725,-155.47,0.18358806,-1.6513859
2025-09-02T10:00:00Z,19.725,-155.41,-0.15772882,-2.0508356
2025-09-02T10:00:00Z,19.725,-155.35,-0.5629144,-1.3382721
2025-09-02T10:00:00Z,19.725,-155.29,-0.22314544,-0.6781763
2025-09-02T10:00:00Z,19.725,-155.23,0.92588466,-0.32319713
2025-09-02T10:00:00Z,19.725,-155.17,1.7834064,0.04833226
2025-09-02T10:00:00Z,19.725,-155.11,2.4031734,0.273421
2025-09-02T10:00:00Z,19.725,-155.05,2.9204617,0.51831377
2025-09-02T10:00:00Z,19.725,-154.99,2.3148437,0.70480007
2025-09-02T10:00:00Z,19.725,-154.93,0.2478147,0.6953694
2025-09-02T10:00:00Z,19.725,-154.87,-2.1525857,0.18440579
2025-09-02T10:00:00Z,19.725,-154.81,-3.3048596,-0.26980639
2025-09-02T10:00:00Z,19.725,-154.75,-3.5272903,-0.58073467
2025-09-02T10:00:00Z,19.725,-154.69,-3.6671593,-0.7578428
2025-09-02T10:00:00Z,19.725,-154.63,-3.8408704,-0.88130957
2025-09-02T10:00:00Z,19.78,-156.19,2.885708,5.7076573
2025-09-02T10:00:00Z,19.78,-156.13,1.656698,4.943787
2025-09-02T10:00:00Z,19.78,-156.07,0.003141775,3.5358846
2025-09-02T10:00:00Z,19.78,-156.01,-0.3227463,2.5921016
2025-09-02T10:00:00Z,19.78,-155.95,0.094956785,1.6668828
2025-09-02T10:00:00Z,19.78,-155.89,0.3584224,0.91116613
2025-09-02T10:00:00Z,19.78,-155.83,0.99129033,0.63895977
2025-09-02T10:00:00Z,19.78,-155.77,1.6222318,0.5992313
2025-09-02T10:00:00Z,19.78,-155.71,1.2048488,1.0507897
2025-09-02T10:00:00Z,19.78,-155.65,0.3445058,1.0292944
2025-09-02T10:00:00Z,19.78,-155.59,-0.43582624,-0.3932887
2025-09-02T10:00:00Z,19.78,-155.53,-1.1610171,-1.9349884
2025-09-02T10:00:00Z,19.78,-155.47,-0.7959438,-3.1276267
2025-09-02T10:00:00Z,19.78,-155.41,0.4064591,-3.6886868
2025-09-02T10:00:00Z,19.78,-155.35,0.31136692,-2.6058402
2025-09-02T10:00:00Z,19.78,-155.29,-0.31143263,-0.5609103
2025-09-02T10:00:00Z,19.78,-155.23,0.52063674,0.6924772
2025-09-02T10:00:00Z,19.78,-155.17,1.559698,1.0593164
2025-09-02T10:00:00Z,19.78,-155.11,2.3960752,1.1504968
2025-09-02T10:00:00Z,19.78,-155.05,3.0812192,1.1604674
2025-09-02T10:00:00Z,19.78,-154.99,2.0344055,0.9551607
2025-09-02T10:00:00Z,19.78,-154.93,-0.7831058,0.7054822
2025-09-02T10:00:00Z,19.78,-154.87,-2.893842,0.3463641
2025-09-02T10:00:00Z,19.78,-154.81,-3.5509663,0.048693664
2025-09-02T10:00:00Z,19.78,-154.75,-3.6323617,-0.2317618
2025-09-02T10:00:00Z,19.78,-154.69,-3.6827817,-0.4972924
2025-09-02T10:00:00Z,19.78,-154.63,-3.815695,-0.69255334
2025-09-02T10:00:00Z,19.835,-156.19,2.5893059,5.393577
2025-09-02T10:00:00Z,19.835,-156.13,2.7368608,5.9129853
2025-09-02T10:00:00Z,19.835,-156.07,1.7448817,5.1838017
2025-09-02T10:00:00Z,19.835,-156.01,1.2143834,4.250647
2025-09-02T10:00:00Z,19.835,-155.95,1.1712245,3.1583483
2025-09-02T10:00:00Z,19.835,-155.89,0.85706955,2.1045668
2025-09-02T10:00:00Z,19.835,-155.83,0.8863062,1.53383
2025-09-02T10:00:00Z,19.835,-155.77,1.1618242,1.3707718
2025-09-02T10:00:00Z,19.835,-155.71,0.9660927,1.9296477
2025-09-02T10:00:00Z,19.835,-155.65,0.23689714,1.2246244
2025-09-02T10:00:00Z,19.835,-155.59,-1.2241349,-0.87315947
2025-09-02T10:00:00Z,19.835,-155.53,-2.4511168,-1.9033202
2025-09-02T10:00:00Z,19.835,-155.47,-1.4886944,-2.0221012
2025-09-02T10:00:00Z,19.835,-155.41,0.94330233,-2.419624
2025-09-02T10:00:00Z,19.835,-155.35,1.4328625,-1.9497852
2025-09-02T10:00:00Z,19.835,-155.29,0.06520596,0.32183596
2025-09-02T10:00:00Z,19.835,-155.23,0.04913751,2.0409036
2025-09-02T10:00:00Z,19.835,-155.17,0.9781325,2.2747967
2025-09-02T10:00:00Z,19.835,-155.11,1.9016644,2.4172835
2025-09-02T10:00:00Z,19.835,-155.05,2.3428693,2.147955
2025-09-02T10:00:00Z,19.835,-154.99,0.7062766,1.3064954
2025-09-02T10:00:00Z,19.835,-154.93,-1.8802047,0.59090227
2025-09-02T10:00:00Z,19.835,-154.87,-3.3298478,0.27070627
2025-09-02T10:00:00Z,19.835,-154.81,-3.6740496,0.16362481
2025-09-02T10:00:00Z,19.835,-154.75,-3.7571237,0.022734798
2025-09-02T10:00:00Z,19.835,-154.69,-3.7902265,-0.23059234
2025-09-02T10:00:00Z,19.835,-154.63,-3.854149,-0.5023519
2025-09-02T10:00:00Z,19.89,-156.19,1.4189618,3.915875
2025-09-02T10:00:00Z,19.89,-156.13,2.769006,5.6293344
2025-09-02T10:00:00Z,19.89,-156.07,2.811414,5.9098415
2025-09-02T10:00:00Z,19.89,-156.01,2.665647,5.518679
2025-09-02T10:00:00Z,19.89,-155.95,2.457317,4.3379865
2025-09-02T10:00:00Z,19.89,-155.89,1.4568444,2.7268128
2025-09-02T10:00:00Z,19.89,-155.83,0.57639086,1.5375541
2025-09-02T10:00:00Z,19.89,-155.77,0.35885617,1.4698762
2025-09-02T10:00:00Z,19.89,-155.71,0.24625823,1.825084
2025-09-02T10:00:00Z,19.89,-155.65,-0.14246392,0.9931529
2025-09-02T10:00:00Z,19.89,-155.59,-1.4890343,-0.4590801
2025-09-02T10:00:00Z,19.89,-155.53,-2.62239,-0.277195
2025-09-02T10:00:00Z,19.89,-155.47,-1.65792,0.6116503
2025-09-02T10:00:00Z,19.89,-155.41,0.4639801,0.51132923
2025-09-02T10:00:00Z,19.89,-155.35,0.74710214,0.31223878
2025-09-02T10:00:00Z,19.89,-155.29,-0.6230198,1.5600375
2025-09-02T10:00:00Z,19.89,-155.23,-0.83196014,2.7882404
2025-09-02T10:00:00Z,19.89,-155.17,0.009546236,3.3780563
2025-09-02T10:00:00Z,19.89,-155.11,0.88076437,3.6669052
2025-09-02T10:00:00Z,19.89,-155.05,0.75475127,2.936312
2025-09-02T10:00:00Z,19.89,-154.99,-1.1030537,1.6264149
2025-09-02T10:00:00Z,19.89,-154.93,-2.8640525,0.6815068
2025-09-02T10:00:00Z,19.89,-154.87,-3.5135243,0.27414075
2025-09-02T10:00:00Z,19.89,-154.81,-3.6948578,0.14974497
2025-09-02T10:00:00Z,19.89,-154.75,-3.8296576,0.06588237
2025-09-02T10:00:00Z,19.89,-154.69,-3.9423883,-0.07040743
2025-09-02T10:00:00Z,19.89,-154.63,-3.9935381,-0.30484018
2025-09-02T10:00:00Z,19.945,-156.19,-0.3399652,1.6818603
2025-09-02T10:00:00Z,19.945,-156.13,1.7250049,4.1340284
2025-09-02T10:00:00Z,19.945,-156.07,2.6579912,5.6106358
2025-09-02T10:00:00Z,19.945,-156.01,3.0725803,6.06774
2025-09-02T10:00:00Z,19.945,-155.95,3.1953268,5.4016013
2025-09-02T10:00:00Z,19.945,-155.89,1.9929062,3.4440556
2025-09-02T10:00:00Z,19.945,-155.83,0.29190692,1.519091
2025-09-02T10:00:00Z,19.945,-155.77,-0.8175918,0.48945555
2025-09-02T10:00:00Z,19.945,-155.71,-1.2917684,-0.13128921
2025-09-02T10:00:00Z,19.945,-155.65,-1.430504,-0.9238768
2025-09-02T10:00:00Z,19.945,-155.59,-2.0318484,-1.3451831
2025-09-02T10:00:00Z,19.945,-155.53,-2.6546638,-0.49982166
2025-09-02T10:00:00Z,19.945,-155.47,-2.216286,0.6307961
2025-09-02T10:00:00Z,19.945,-155.41,-1.3276631,1.0710998
2025-09-02T10:00:00Z,19.945,-155.35,-1.4480762,1.2478908
2025-09-02T10:00:00Z,19.945,-155.29,-2.0939417,2.0704894
2025-09-02T10:00:00Z,19.945,-155.23,-2.019272,3.46524
2025-09-02T10:00:00Z,19.945,-155.17,-1.2191657,4.4446497
2025-09-02T10:00:00Z,19.945,-155.11,-0.51476467,4.3339543
2025-09-02T10:00:00Z,19.945,-155.05,-1.1888089,3.0493305
2025-09-02T10:00:00Z,19.945,-154.99,-2.743909,1.7573699
2025-09-02T10:00:00Z,19.945,-154.93,-3.5631914,0.9597362
2025-09-02T10:00:00Z,19.945,-154.87,-3.699197,0.5318276
2025-09-02T10:00:00Z,19.945,-154.81,-3.76568,0.22045904
2025-09-02T10:00:00Z,19.945,-154.75,-3.8800085,0.04955363
2025-09-02T10:00:00Z,19.945,-154.69,-4.0439024,-0.053910792
2025-09-02T10:00:00Z,19.945,-154.63,-4.139876,-0.17151032
2025-09-02T10:00:00Z,20.0,-156.19,-2.5333447,-0.784625
2025-09-02T10:00:00Z,20.0,-156.13,-0.11431329,1.9726367
2025-09-02T10:00:00Z,20.0,-156.07,1.5476558,4.5210395
2025-09-02T10:00:00Z,20.0,-156.01,2.4564307,5.971399
2025-09-02T10:00:00Z,20.0,-155.95,2.7004616,5.727988
2025-09-02T10:00:00Z,20.0,-155.89,1.3128003,3.4485557
2025-09-02T10:00:00Z,20.0,-155.83,-1.0113473,0.57621515
2025-09-02T10:00:00Z,20.0,-155.77,-2.5566676,-1.2887617
2025-09-02T10:00:00Z,20.0,-155.71,-2.963336,-2.492947
2025-09-02T10:00:00Z,20.0,-155.65,-2.569027,-2.7848313
2025-09-02T10:00:00Z,20.0,-155.59,-2.6316597,-2.4410074
2025-09-02T10:00:00Z,20.0,-155.53,-3.0408416,-1.6832529
2025-09-02T10:00:00Z,20.0,-155.47,-2.9981825,-0.84934086
2025-09-02T10:00:00Z,20.0,-155.41,-2.85498,-0.026292382
2025-09-02T10:00:00Z,20.0,-155.35,-3.0491605,0.9329292
2025-09-02T10:00:00Z,20.0,-155.29,-3.4996183,2.6048002
2025-09-02T10:00:00Z,20.0,-155.23,-3.285057,4.4143987
2025-09-02T10:00:00Z,20.0,-155.17,-2.4064898,5.0448647
2025-09-02T10:00:00Z,20.0,-155.11,-2.1416242,4.0978713
2025-09-02T10:00:00Z,20.0,-155.05,-3.0219831,2.7374594
2025-09-02T10:00:00Z,20.0,-154.99,-3.8393474,1.8009623
2025-09-02T10:00:00Z,20.0,-154.93,-3.9757843,1.2801878
2025-09-02T10:00:00Z,20.0,-154.87,-3.9422324,0.87599266
2025-09-02T10:00:00Z,20.0,-154.81,-3.952718,0.49323085
2025-09-02T10:00:00Z,20.0,-154.75,-4.0115576,0.19250008
2025-09-02T10:00:00Z,20.0,-154.69,-4.1168127,-8.7061396E-4
2025-09-02T10:00:00Z,20.0,-154.63,-4.2040057,-0.10099888
2025-09-02T10:00:00Z,20.055,-156.19,-5.1592474,-3.0867913
2025-09-02T10:00:00Z,20.055,-156.13,-2.774458,-0.57056254
2025-09-02T10:00:00Z,20.055,-156.07,-0.47330895,2.4869647
2025-09-02T10:00:00Z,20.055,-156.01,1.1562506,4.810642
2025-09-02T10:00:00Z,20.055,-155.95,1.259955,4.927338
2025-09-02T10:00:00Z,20.055,-155.89,-0.5940444,2.4281826
2025-09-02T10:00:00Z,20.055,-155.83,-2.7798057,-0.2676882
2025-09-02T10:00:00Z,20.055,-155.77,-3.8872004,-1.5081007
2025-09-02T10:00:00Z,20.055,-155.71,-3.587033,-2.1213899
2025-09-02T10:00:00Z,20.055,-155.65,-2.64767,-2.0695605
2025-09-02T10:00:00Z,20.055,-155.59,-2.4922154,-1.4857757
2025-09-02T10:00:00Z,20.055,-155.53,-3.0851986,-0.95415103
2025-09-02T10:00:00Z,20.055,-155.47,-3.992205,-0.40848783
2025-09-02T10:00:00Z,20.055,-155.41,-4.79081,0.4994892
2025-09-02T10:00:00Z,20.055,-155.35,-4.9206586,1.8722407
2025-09-02T10:00:00Z,20.055,-155.29,-4.811245,3.7174163
2025-09-02T10:00:00Z,20.055,-155.23,-4.257481,4.9256635
2025-09-02T10:00:00Z,20.055,-155.17,-3.5811143,4.568138
2025-09-02T10:00:00Z,20.055,-155.11,-3.754486,3.3708553
2025-09-02T10:00:00Z,20.055,-155.05,-4.2574506,2.3855562
2025-09-02T10:00:00Z,20.055,-154.99,-4.349121,1.8553617
2025-09-02T10:00:00Z,20.055,-154.93,-4.245035,1.4907843
2025-09-02T10:00:00Z,20.055,-154.87,-4.2020597,1.1161773
2025-09-02T10:00:00Z,20.055,-154.81,-4.1829543,0.7726007
2025-09-02T10:00:00Z,20.055,-154.75,-4.1939793,0.44980052
2025-09-02T10:00:00Z,20.055,-154.69,-4.221523,0.19372332
2025-09-02T10:00:00Z,20.055,-154.63,-4.2502627,0.0073008672
2025-09-02T10:00:00Z,20.11,-156.19,-7.7092547,-4.676071
2025-09-02T10:00:00Z,20.11,-156.13,-5.9551883,-3.0502455
2025-09-02T10:00:00Z,20.11,-156.07,-3.6323025,-0.42525434
2025-09-02T10:00:00Z,20.11,-156.01,-1.5874628,2.1748471
2025-09-02T10:00:00Z,20.11,-155.95,-1.381656,2.9971483
2025-09-02T10:00:00Z,20.11,-155.89,-2.819716,1.549905
2025-09-02T10:00:00Z,20.11,-155.83,-3.9527152,0.09757019
2025-09-02T10:00:00Z,20.11,-155.77,-4.1112723,-0.04438223
2025-09-02T10:00:00Z,20.11,-155.71,-3.3492503,0.16303332
2025-09-02T10:00:00Z,20.11,-155.65,-2.4086945,0.4339627
2025-09-02T10:00:00Z,20.11,-155.59,-2.7447305,0.5618577
2025-09-02T10:00:00Z,20.11,-155.53,-4.1596537,0.7602179
2025-09-02T10:00:00Z,20.11,-155.47,-5.735654,1.2747543
2025-09-02T10:00:00Z,20.11,-155.41,-6.6183634,2.1500854
2025-09-02T10:00:00Z,20.11,-155.35,-6.3506827,3.3499968
2025-09-02T10:00:00Z,20.11,-155.29,-5.6335936,4.3184114
2025-09-02T10:00:00Z,20.11,-155.23,-5.0285416,4.32956
2025-09-02T10:00:00Z,20.11,-155.17,-4.7879367,3.5130947
2025-09-02T10:00:00Z,20.11,-155.11,-4.8551655,2.6429806
2025-09-02T10:00:00Z,20.11,-155.05,-4.776636,2.1053874
2025-09-02T10:00:00Z,20.11,-154.99,-4.57785,1.7504119
2025-09-02T10:00:00Z,20.11,-154.93,-4.468837,1.4287376
2025-09-02T10:00:00Z,20.11,-154.87,-4.402617,1.1382301
2025-09-02T10:00:00Z,20.11,-154.81,-4.350514,0.89482784
2025-09-02T10:00:00Z,20.11,-154.75,-4.319111,0.64840966
2025-09-02T10:00:00Z,20.11,-154.69,-4.32448,0.40780172
2025-09-02T10:00:00Z,20.11,-154.63,-4.327992,0.17068875
2025-09-02T10:00:00Z,20.165,-156.19,-9.54865,-4.931549
2025-09-02T10:00:00Z,20.165,-156.13,-8.711701,-4.276135
2025-09-02T10:00:00Z,20.165,-156.07,-7.2353063,-2.6964815
2025-09-02T10:00:00Z,20.165,-156.01,-5.6231656,-0.7614699
2025-09-02T10:00:00Z,20.165,-155.95,-4.954756,0.48775503
2025-09-02T10:00:00Z,20.165,-155.89,-5.0583878,0.48535296
2025-09-02T10:00:00Z,20.165,-155.83,-4.535364,0.4654613
2025-09-02T10:00:00Z,20.165,-155.77,-4.0031548,1.0930117
2025-09-02T10:00:00Z,20.165,-155.71,-3.4296153,2.2278023
2025-09-02T10:00:00Z,20.165,-155.65,-3.258881,2.7850468
2025-09-02T10:00:00Z,20.165,-155.59,-4.1504426,2.130796
2025-09-02T10:00:00Z,20.165,-155.53,-5.7937183,1.9701289
2025-09-02T10:00:00Z,20.165,-155.47,-6.753883,2.4147758
2025-09-02T10:00:00Z,20.165,-155.41,-6.8461018,2.996987
2025-09-02T10:00:00Z,20.165,-155.35,-6.4719124,3.544652
2025-09-02T10:00:00Z,20.165,-155.29,-6.04903,3.6043408
2025-09-02T10:00:00Z,20.165,-155.23,-5.765148,3.174512
2025-09-02T10:00:00Z,20.165,-155.17,-5.5554967,2.6121633
2025-09-02T10:00:00Z,20.165,-155.11,-5.2870064,2.1950078
2025-09-02T10:00:00Z,20.165,-155.05,-4.9818807,1.8714188
2025-09-02T10:00:00Z,20.165,-154.99,-4.754208,1.5587554
2025-09-02T10:00:00Z,20.165,-154.93,-4.5983853,1.2983577
2025-09-02T10:00:00Z,20.165,-154.87,-4.481415,1.0946258
2025-09-02T10:00:00Z,20.165,-154.81,-4.4044895,0.9206794
2025-09-02T10:00:00Z,20.165,-154.75,-4.3590574,0.71874803
2025-09-02T10:00:00Z,20.165,-154.69,-4.3646984,0.5076402
2025-09-02T10:00:00Z,20.165,-154.63,-4.3705873,0.29510581
2025-09-02T10:00:00Z,20.22,-156.19,-10.255133,-3.9131894
2025-09-02T10:00:00Z,20.22,-156.13,-10.147049,-3.661064
2025-09-02T10:00:00Z,20.22,-156.07,-9.610106,-2.886481
2025-09-02T10:00:00Z,20.22,-156.01,-8.864184,-1.9028095
2025-09-02T10:00:00Z,20.22,-155.95,-8.145449,-0.9508223
2025-09-02T10:00:00Z,20.22,-155.89,-7.101329,-0.17122008
2025-09-02T10:00:00Z,20.22,-155.83,-5.7193465,0.97102964
2025-09-02T10:00:00Z,20.22,-155.77,-5.049829,2.3469913
2025-09-02T10:00:00Z,20.22,-155.71,-4.6615934,3.7338781
2025-09-02T10:00:00Z,20.22,-155.65,-4.8636346,3.94667
2025-09-02T10:00:00Z,20.22,-155.59,-5.6864605,2.8740647
2025-09-02T10:00:00Z,20.22,-155.53,-6.509545,2.3954613
2025-09-02T10:00:00Z,20.22,-155.47,-6.767365,2.4955106
2025-09-02T10:00:00Z,20.22,-155.41,-6.679833,2.6819186
2025-09-02T10:00:00Z,20.22,-155.35,-6.5520134,2.7371397
2025-09-02T10:00:00Z,20.22,-155.29,-6.372785,2.5719998
2025-09-02T10:00:00Z,20.22,-155.23,-6.1089315,2.3443835
2025-09-02T10:00:00Z,20.22,-155.17,-5.75615,2.1570473
2025-09-02T10:00:00Z,20.22,-155.11,-5.4017324,1.955866
2025-09-02T10:00:00Z,20.22,-155.05,-5.1032615,1.7202433
2025-09-02T10:00:00Z,20.22,-154.99,-4.845109,1.504301
2025-09-02T10:00:00Z,20.22,-154.93,-4.6437225,1.3242007
2025-09-02T10:00:00Z,20.22,-154.87,-4.509227,1.1439127
2025-09-02T10:00:00Z,20.22,-154.81,-4.4174867,0.9407391
2025-09-02T10:00:00Z,20.22,-154.75,-4.369721,0.71591014
2025-09-02T10:00:00Z,20.22,-154.69,-4.3479285,0.4953276
2025-09-02T10:00:00Z,20.22,-154.63,-4.3419924,0.31397507
2025-09-02T10:00:00Z,20.275,-156.19,-10.0115795,-2.5767756
2025-09-02T10:00:00Z,20.275,-156.13,-10.155455,-2.238774
2025-09-02T10:00:00Z,20.275,-156.07,-10.117316,-1.7189281
2025-09-02T10:00:00Z,20.275,-156.01,-10.002782,-1.0912384
2025-09-02T10:00:00Z,20.275,-155.95,-9.590739,-0.292502
2025-09-02T10:00:00Z,20.275,-155.89,-8.5561075,0.8244427
2025-09-02T10:00:00Z,20.275,-155.83,-7.270781,2.3169181
2025-09-02T10:00:00Z,20.275,-155.77,-6.643091,3.5774207
2025-09-02T10:00:00Z,20.275,-155.71,-6.2015195,4.086189
2025-09-02T10:00:00Z,20.275,-155.65,-6.3043203,3.6221359
2025-09-02T10:00:00Z,20.275,-155.59,-6.708645,2.6450198
2025-09-02T10:00:00Z,20.275,-155.53,-6.8882203,2.1346262
2025-09-02T10:00:00Z,20.275,-155.47,-6.8064265,1.9737352
2025-09-02T10:00:00Z,20.275,-155.41,-6.702595,1.9935044
2025-09-02T10:00:00Z,20.275,-155.35,-6.635088,2.005376
2025-09-02T10:00:00Z,20.275,-155.29,-6.424514,1.9780341
2025-09-02T10:00:00Z,20.275,-155.23,-6.0711217,1.9553758
2025-09-02T10:00:00Z,20.275,-155.17,-5.7244053,1.9024194
2025-09-02T10:00:00Z,20.275,-155.11,-5.4255414,1.7626362
2025-09-02T10:00:00Z,20.275,-155.05,-5.1258445,1.5970466
2025-09-02T10:00:00Z,20.275,-154.99,-4.8458962,1.4557068
2025-09-02T10:00:00Z,20.275,-154.93,-4.661931,1.3146075
2025-09-02T10:00:00Z,20.275,-154.87,-4.5531726,1.1441158
2025-09-02T10:00:00Z,20.275,-154.81,-4.463627,0.93090904
2025-09-02T10:00:00Z,20.275,-154.75,-4.393693,0.6939806
2025-09-02T10:00:00Z,20.275,-154.69,-4.3371253,0.4759323
2025-09-02T10:00:00Z,20.275,-154.63,-4.304553,0.29803675
2025-09-02T10:00:00Z,20.33,-156.19,-9.5616665,-1.5613108
2025-09-02T10:00:00Z,20.33,-156.13,-9.53976,-1.0849553
2025-09-02T10:00:00Z,20.33,-156.07,-9.564467,-0.5583726
2025-09-02T10:00:00Z,20.33,-156.01,-9.568738,0.14044864
2025-09-02T10:00:00Z,20.33,-155.95,-9.32761,1.0053352
2025-09-02T10:00:00Z,20.33,-155.89,-8.750734,2.0377963
2025-09-02T10:00:00Z,20.33,-155.83,-7.8966885,2.9562
2025-09-02T10:00:00Z,20.33,-155.77,-7.381464,3.3205473
2025-09-02T10:00:00Z,20.33,-155.71,-7.114558,3.050594
2025-09-02T10:00:00Z,20.33,-155.65,-7.1713147,2.4423
2025-09-02T10:00:00Z,20.33,-155.59,-7.2821717,1.8931484
2025-09-02T10:00:00Z,20.33,-155.53,-7.1489472,1.6147329
2025-09-02T10:00:00Z,20.33,-155.47,-6.8439174,1.5475253
2025-09-02T10:00:00Z,20.33,-155.41,-6.6311913,1.6097326
2025-09-02T10:00:00Z,20.33,-155.35,-6.523715,1.6815
2025-09-02T10:00:00Z,20.33,-155.29,-6.2873225,1.7094023
2025-09-02T10:00:00Z,20.33,-155.23,-5.931599,1.7066909
2025-09-02T10:00:00Z,20.33,-155.17,-5.6415114,1.6712109
2025-09-02T10:00:00Z,20.33,-155.11,-5.390351,1.5667466
2025-09-02T10:00:00Z,20.33,-155.05,-5.098113,1.4276398
2025-09-02T10:00:00Z,20.33,-154.99,-4.830492,1.2829344
2025-09-02T10:00:00Z,20.33,-154.93,-4.668424,1.1374205
2025-09-02T10:00:00Z,20.33,-154.87,-4.5781674,0.99552256
2025-09-02T10:00:00Z,20.33,-154.81,-4.5026336,0.8364701
2025-09-02T10:00:00Z,20.33,-154.75,-4.4238343,0.65628636
2025-09-02T10:00:00Z,20.33,-154.69,-4.349451,0.47788233
2025-09-02T10:00:00Z,20.33,-154.63,-4.3089333,0.3103671
2025-09-02T10:00:00Z,20.385,-156.19,-9.22359,-0.9781118
2025-09-02T10:00:00Z,20.385,-156.13,-9.002093,-0.48861882
2025-09-02T10:00:00Z,20.385,-156.07,-8.939722,0.009515392
2025-09-02T10:00:00Z,20.385,-156.01,-8.876268,0.6154073
2025-09-02T10:00:00Z,20.385,-155.95,-8.711054,1.2483195
2025-09-02T10:00:00Z,20.385,-155.89,-8.423995,1.7852131
2025-09-02T10:00:00Z,20.385,-155.83,-8.084561,2.0586457
2025-09-02T10:00:00Z,20.385,-155.77,-7.799869,1.9662871
2025-09-02T10:00:00Z,20.385,-155.71,-7.606969,1.672741
2025-09-02T10:00:00Z,20.385,-155.65,-7.501415,1.3955281
2025-09-02T10:00:00Z,20.385,-155.59,-7.386461,1.2788261
2025-09-02T10:00:00Z,20.385,-155.53,-7.0976734,1.2979935
2025-09-02T10:00:00Z,20.385,-155.47,-6.697296,1.3719922
2025-09-02T10:00:00Z,20.385,-155.41,-6.4504337,1.4521489
2025-09-02T10:00:00Z,20.385,-155.35,-6.3564897,1.5111241
2025-09-02T10:00:00Z,20.385,-155.29,-6.13497,1.5249755
2025-09-02T10:00:00Z,20.385,-155.23,-5.7869062,1.5166801
2025-09-02T10:00:00Z,20.385,-155.17,-5.5277348,1.4934825
2025-09-02T10:00:00Z,20.385,-155.11,-5.327584,1.4124149
2025-09-02T10:00:00Z,20.385,-155.05,-5.0762424,1.2819047
2025-09-02T10:00:00Z,20.385,-154.99,-4.8324556,1.1277481
2025-09-02T10:00:00Z,20.385,-154.93,-4.664479,0.977644
2025-09-02T10:00:00Z,20.385,-154.87,-4.565022,0.850658
2025-09-02T10:00:00Z,20.385,-154.81,-4.4989676,0.7223237
2025-09-02T10:00:00Z,20.385,-154.75,-4.4322577,0.577028
2025-09-02T10:00:00Z,20.385,-154.69,-4.369889,0.42397398
2025-09-02T10:00:00Z,20.385,-154.63,-4.3380857,0.28370023
2025-09-02T10:00:00Z,20.44,-156.19,-8.96367,-1.0096484
2025-09-02T10:00:00Z,20.44,-156.13,-8.709946,-0.60059893
2025-09-02T10:00:00Z,20.44,-156.07,-8.623301,-0.2619899
2025-09-02T10:00:00Z,20.44,-156.01,-8.564521,0.13316473
2025-09-02T10:00:00Z,20.44,-155.95,-8.484287,0.50498897
2025-09-02T10:00:00Z,20.44,-155.89,-8.357602,0.79356563
2025-09-02T10:00:00Z,20.44,-155.83,-8.1581955,0.9633822
2025-09-02T10:00:00Z,20.44,-155.77,-7.9030933,1.0232679
2025-09-02T10:00:00Z,20.44,-155.71,-7.6416664,1.0293303
2025-09-02T10:00:00Z,20.44,-155.65,-7.4135866,1.0343084
2025-09-02T10:00:00Z,20.44,-155.59,-7.1896944,1.093428
2025-09-02T10:00:00Z,20.44,-155.53,-6.870425,1.1890086
2025-09-02T10:00:00Z,20.44,-155.47,-6.493206,1.2597569
2025-09-02T10:00:00Z,20.44,-155.41,-6.2718663,1.3078611
2025-09-02T10:00:00Z,20.44,-155.35,-6.198937,1.3487536
2025-09-02T10:00:00Z,20.44,-155.29,-5.982341,1.3877244
2025-09-02T10:00:00Z,20.44,-155.23,-5.6364594,1.4070058
2025-09-02T10:00:00Z,20.44,-155.17,-5.4110603,1.388918
2025-09-02T10:00:00Z,20.44,-155.11,-5.269095,1.3271552
2025-09-02T10:00:00Z,20.44,-155.05,-5.06637,1.2189949
2025-09-02T10:00:00Z,20.44,-154.99,-4.8444695,1.0728867
2025-09-02T10:00:00Z,20.44,-154.93,-4.665761,0.92323995
2025-09-02T10:00:00Z,20.44,-154.87,-4.5515494,0.7887272
2025-09-02T10:00:00Z,20.44,-154.81,-4.4920754,0.6532364
2025-09-02T10:00:00Z,20.44,-154.75,-4.44614,0.50830704
2025-09-02T10:00:00Z,20.44,-154.69,-4.399768,0.35140422
2025-09-02T10:00:00Z,20.44,-154.63,-4.368256,0.21247497
